,ko15,ko16,ko18,ko19,ko21,ko22,wt15,wt16,wt18,wt19,wt21,wt22
200.1,-1.3409987597640836,-0.21114538554455342,-2.666752841745528,-2.3904012868798765,-1.650666388988752,-0.5661330880363896,-0.900358721899033,-2.204136048794979,-2.6904832971487593,-1.8433987983097366,-0.7064229511515474,-1.4444371321175118
205.0,2.2471450600623655,1.583775101975145,1.8384408791933553,1.8095350422314538,2.193825147845899,2.16004624488028,2.5764415191076373,1.9458872489497179,2.2294279088427738,2.360572230705971,2.4387690478742914,2.204862831123707
206.0,-0.6545768921137876,-0.9547626951045425,-1.041779345270052,-0.9817750105647852,-0.5950175561149386,-0.6133397102354158,-0.2416753478821443,-0.7757562216285798,-0.6635824867380127,-0.4103195066206824,-0.40960604515682286,-0.632082459668479
207.1,0.02381015681217502,-0.18258570589341705,-0.23725285625191683,-0.43494231430453156,0.10160645679564972,-0.029438301922631305,0.35146105626099255,-0.22873161799749142,-0.27068777297878654,-0.1683408975529339,0.015887648676625732,-0.1741822478008097
219.1,-0.6694974456459959,-1.5902317932543355,-2.3316408087555307,-1.8990979654233908,-0.5249912482340618,-0.45935158841346435,-0.4188400791528193,-1.2399841959736075,-2.219066633628535,-1.7253788852341811,-0.07039167868032359,-0.6197370449920642
231.0,-1.6710001936541454,-3.4164974583855496,-0.8972855189040947,-0.05058346484215559,0.7026457062141692,-1.9479758674010705,0.5108411854039678,-2.6362711172254834,-1.792027465929883,-0.04760336136799359,-0.31306811237057697,-0.5739305373717093
233.0,0.09141414979638529,-0.5504658718109114,-0.014244324346294857,-0.5792371716615247,0.4428027331652268,0.40590761091709576,0.2803577302806952,-0.48905962738198605,-0.0038911508604730916,-0.44905115359364656,0.869348917597342,0.13972954513384805
234.0,-2.2848003933050753,-2.3930434734170474,-2.088375371233609,-2.4711908687665876,-1.5993776176328551,-1.5649572953403106,-2.325881153178888,-2.7664117780738566,-2.1844025998574343,-2.4574366768496922,-1.5793449691302952,-2.2153715750396508
235.1,-1.1231309103389555,-2.019435296069842,-1.415406910450216,-1.3625486551328483,-2.8233892690880658,-4.967921449693326,-0.7093063395081012,-3.6642518461310685,-1.0952511018626718,-2.239166298946325,-4.094368578489295,-3.268754983238315
236.1,-0.5704622004390945,-1.3433251271728521,-2.5303865533784364,-2.0099428828644195,-0.5182625951194414,-0.2708889384384986,-0.3655315845468692,-1.0239153862395545,-2.0787016169152057,-1.4640067782822275,0.03509559433026754,-0.3713629689522727
240.2,-1.7363360272842128,-2.5307294523698305,-1.0974596272218586,-0.7968006949941712,-1.7187092371696542,-0.7107162999798219,-2.894433545516313,-0.49107770965799036,-0.9266681165004331,-0.4086830213165398,-1.7330365223758981,-1.6338611407490125
241.1,1.968302100617775,1.3349023119372636,1.5515149002105997,1.0922407265244352,1.1172907510323231,1.2282421413381908,2.1667078733941576,2.066523422548848,1.5861660684399088,1.697736822589927,1.548874139621768,0.9691655673678843
242.1,-0.4161232462166098,-1.0712507953299701,-0.8852902558817011,-1.4431838166965445,-1.3642935362805186,-1.2465552338707808,-0.2224058283365271,-0.34636341014353667,-0.8324753944836811,-0.8293761123359573,-0.8374291492364356,-1.486140869178593
244.1,0.708432054447405,-1.0282669142911287,-2.1951241397697765,-3.1555050628742176,-2.2914243807535115,-1.0542769196275703,0.9412123881450172,-2.742597574841761,-0.9927660875337154,-3.1873198235678486,-1.1827898158234365,2.340601198312687
246.1,-3.7454800868847316,-3.3419489077594013,-3.446692832892275,-2.827995009025202,-2.251442627596334,-2.324091155270376,-1.6318096198699195,-2.4328126474819642,-2.863171804035556,-2.4441315914663995,-1.6957575450674576,-2.4576541985066713
249.1,1.9374795585708249,1.2322195984976911,1.5251341157416298,1.1145384510830052,1.0057239322540246,1.2588271804589226,1.9890296787119048,2.0405658666675395,1.6827585031247119,1.5907720233086464,1.4609177869810193,0.8618422198843193
250.1,-0.10726347525571289,-1.1298260927497366,-0.7400316406718594,-1.227220530251694,-1.3097355472325325,-1.0158050818418123,-0.21478290810415057,-0.17998039415724176,-0.6378028814058194,-0.7284683207104852,-0.8441565007598959,-1.420091933424935
254.1,-2.2471958613976444,0.11124240586136053,-2.2149023308628237,-1.2208200651383998,-3.6664099773375094,-3.3099881738899213,-2.58099191745396,-1.6160169965715994,-1.628308194787769,-3.044555074918574,-1.9151022003618243,-3.277030261409478
255.2,1.9223629376032665,1.1839684527873744,1.6083706585993096,1.1845859099748468,1.120296796181683,1.4416608154947754,1.8898198969258335,2.0255677837131807,1.6105422427037879,1.8175642420383005,1.6017130321425386,1.2626531485714998
256.2,-0.283935969082477,-0.9893886002202985,-0.5918193954250628,-1.1013414400804558,-1.140288853971326,-0.9000156860058567,-0.3392754131285496,-0.17000330830649613,-0.6506904812759462,-0.46113162658958684,-0.6029032944018267,-1.5404903623911088
256.2,-0.7089379221348322,2.4714340687668024,-0.7539078539213562,-1.3804000255638376,-2.0289560857660938,-1.948455616837642,-0.3912828858101747,-0.3751175694556321,-0.854964218518415,-1.325950191979472,-0.5514319023237058,-0.7441691591652296
257.1,-0.9885095990627093,-1.2226294918530536,-0.8640415388727527,-1.1763163767343956,-1.7849264340110258,-1.7343455295882992,-0.3428678606591089,-0.7853606552488315,-0.8144046154234841,-0.7664927820519267,-1.7683714400155603,-0.8817882152886379
264.1,-4.009731873384386,-1.4959617099805274,-1.3280664014861174,-0.6526458167586132,-0.5581804735094577,-0.29165617317675674,-3.197874896573724,-1.555997038532121,-1.1596013094609199,-0.5471351516755196,-0.9341200211041423,-0.8835824842400152
266.2,0.01880377376163822,-0.5857031913066151,-0.34842411251629335,-0.2735695816137761,-0.9013618574328371,-0.29132594825541014,-0.5482952502924816,0.48823870905374717,-0.1026708004987793,0.23529400929607125,-0.4516613068739035,-0.49136801910139305
267.2,1.966265917300973,1.2442617083332215,1.473517404224266,1.0253218222401308,1.0050591499004327,1.23432417174471,2.060825791400677,2.0851105610131633,1.5901136667254838,1.5518142567781255,1.3808927828742539,0.8821704148921828
268.2,-5.620249332625043,-3.2292599550817913,-0.6031379012190099,-0.9568117520348655,-1.3425649809025173,-1.4739055607554583,-7.052285837024543,0.2925846136773934,-0.6958214684323527,-0.372458844606703,-1.114978141426317,-1.1015206265549682
268.2,-0.28734817457639816,-0.9832454808790774,-0.7622935433350908,-1.2058182273001878,-1.3831937061324608,-1.0732056591880927,-0.16533157638400842,-0.2335350658166273,-0.685044070996444,-0.7522952711887692,-1.3675896697931764,-1.8256044537797766
269.2,0.832023503151857,1.2431071532590758,1.3595237828596463,0.5568937597378363,0.902128838400662,0.8364309654383829,0.5067018941266828,2.580099760036844,1.2259419980387702,1.3208030944693143,1.153565121362428,0.5551596551125644
270.2,-1.5245096658950006,-1.1491440097521977,-0.9974114504436846,-2.0009220678004893,-1.8778920032151358,-4.9815696727370335,-2.7246989474296086,0.2980020470842941,-1.042217653233402,-0.9155158216243477,-2.232929887530558,-3.3784407984785982
272.1,-0.17178296773922186,-1.1386011088491383,-1.7219453557377533,-2.613381144238077,-2.011315262966012,-2.4501691801500725,-0.0949164362638204,-4.3513455875298765,-1.1717896041176659,-3.1848039879113332,-2.0415670900893597,0.5887610493862061
272.1,-0.7400201627920016,-3.061914707912485,-2.482495435206242,-2.6016985506345778,-2.479340512384743,-1.9863257992627577,-0.15081270653232304,-2.9881365170909415,-1.3530197924460172,-2.83346055787247,-1.83288278446075,-0.2143950684965209
273.2,-2.370065666010739,-2.747437451830147,-4.724247044649571,-3.6998405503273326,-3.287779269805288,-3.757693226645634,-2.551658043389003,-1.1151889553265053,-1.7641295839387803,-2.392027289898113,-2.180524517984245,-4.467357110253654
279.0,5.464353468123424,4.560525069995194,5.146243344898661,5.026217620940323,5.46092592250984,5.423407682007206,5.841418637046534,5.088346762367414,5.110356938617906,5.430011370012883,5.437672522064934,5.487557067734496
280.0,2.973241540308092,2.072682259386332,2.6370722214422,2.529689896619703,2.985969425326881,2.9275502961264634,3.336410176158131,2.590422923531059,2.612655666747778,2.909039589618731,2.9934147153192674,2.984815698495555
281.1,0.10777584876245117,-2.1941792716779807,-0.18545655467129063,-1.384638348199017,0.16724047324347546,0.1658488126054397,0.5434827605253758,-0.270971271701933,-0.22957053275356354,0.10323462617871493,0.18208372594174138,0.1451719529928262
281.2,2.8878429508640924,2.2883268127805825,2.6100697790052774,2.360009703364663,1.988842375271457,2.4073796630568856,2.763292656214573,3.103017557612569,2.757605233432195,2.856541487942369,2.4542056190624906,2.1545698165148366
282.2,0.9931480105117186,3.1474111456423612,0.8969394726073774,1.680157852035384,-0.257400244385773,-0.9083282643002394,0.898790482016623,1.1812515744440686,1.714160661173532,0.7553313683065828,1.1312182305045033,-0.0073669585606580545
282.2,0.8931743889828836,0.3770639471563041,0.5369321398611812,0.2625047895012947,-0.08166274970370568,0.3486384160962228,0.7240981632961453,1.0586256609381544,0.6733732443969332,0.6892963944849951,0.36346780182746674,-0.03396335156170571
283.2,0.14541131951555464,0.7528145781940014,1.4108867587724103,0.7127821506668601,0.8703776460354794,0.9998876470203428,-0.519701864352204,2.620383342328841,1.2663911769473755,1.4345737521365132,1.1979831656818771,0.8427475681972378
283.1,0.7606162927163558,0.44815024532629083,-0.24796203086063573,-0.6444158788682107,-0.5286774601542622,-1.1289603607682017,0.9313746810492963,-0.4982440535469985,-3.0821194496006132,-1.2922002014381282,-1.2717500530447927,-0.9181870339253481
284.1,0.9689464756757846,0.8453066862221167,0.6501573001047698,0.8930278703047922,0.6929295743251735,1.129533414333857,1.4263529941453745,1.0334293537822432,0.7738064214531402,1.2176891724610461,0.6776539157949497,1.1103625655486073
284.2,0.9326896380901842,3.0404876690394476,-0.09357046483433917,-0.7361367180933195,-1.0563274521594024,0.1802550841213636,0.8636170121342082,0.9042175982957052,-0.07047798163565211,-0.46793545036253126,0.3014701202067305,-0.19968677714718241
286.2,2.055635640357191,1.4850925211891375,1.8406054428154108,1.8706259879686624,2.14326218990325,1.8994247436048126,2.351690969324891,1.8391683865425021,1.9609732149361392,2.2763858046682226,2.2051380452626077,2.162493163357518
287.1,0.026534465640730143,-0.4457609879144955,-0.09572504591838138,-0.3528852973177453,0.1687736635674837,-0.5808594800561117,0.5294772411798052,-0.09078557161974943,-0.03620392163779751,0.2840916297184044,0.7119269235466539,0.23203419657240243
288.1,-0.6790885452752897,-0.822216955648952,-0.35949407183277005,-0.047944009194521575,0.25265835916157947,0.7438098429739485,1.595634276684994,-1.0517997582644025,0.9301578934282668,0.6714526297203203,1.1214343149029715,2.6993541004252077
289.1,-0.2884467987277519,-0.8473927542868174,-0.7831373600971847,-0.5214422673017926,-0.5137226453448803,-0.056328604318215514,0.09762250713157072,-0.8494732772887443,-0.5750666739897741,-0.5798717614855029,-0.4412806585165625,-0.21102940135466208
289.1,-0.17702373824881745,-0.6922334274652613,-1.1151501394237577,-1.5160169580229277,-0.7130535417252778,-0.8729350887556983,0.16758324605654695,-0.6218086980236255,-1.1721190648571325,-1.2856004626776572,-0.9155545750066023,0.338857511072677
291.2,-1.2364806790696843,-1.9216849552553963,-1.893939400877637,-2.290802744242183,-2.5295277598707595,-2.2476478317486217,-1.943534602775749,-1.2318269960700163,-2.063876198844257,-1.8905762111904738,-2.0218632448879497,-2.420235536973518
294.1,-3.225390292007057,-2.8695022452976673,-2.938739184867238,-2.3614119141495546,-2.7913954600207753,-1.8876532758594378,-2.6132308180712336,-2.3136980625797863,-2.2231696453572507,-2.3188642438232074,-2.3696722716133403,-2.244459119909008
296.1,-1.4546566606374225,-1.366079993545586,-1.2655376158622509,-1.1367130975357926,-1.658785572219041,-1.5044532646924464,-0.8604967474322816,-1.8894201384983444,-1.1621729918237478,-0.9746253568039254,-1.525808265820966,-1.4631972376923046
298.2,-1.0512578158580486,-1.352433264206839,-1.1181016240531443,-0.6370178331410318,-0.7372541847908721,-0.12284281391283991,-4.242624513230499,-3.2026407524119547,-2.723447296406821,-1.6414514185659606,-2.2543913439442145,-2.3687019649909042
300.2,3.5973250104612955,3.2521455821403586,3.673589826437611,3.944540780471174,4.146071925917726,4.0348040293510365,0.09678352620073571,0.3693575682335705,0.9447523550678534,1.352523177470977,2.52371585797096,2.3530216627800358
301.0,2.870523443302889,1.7289133499657876,2.4909860693034065,2.000031756774152,2.835656256045545,2.4817993798748232,3.1209164613764453,2.1724506105783643,2.286741461980847,2.332011314161089,2.655718517143761,2.323336640591935
301.2,1.361066863268308,1.0032829890280268,1.4197744577234959,1.6755089755242136,1.8811289567917981,1.7488488364755113,-2.1149717740971568,-1.7195204917770732,-1.228921856905592,-0.9269532481051765,-0.22819908256490318,0.1255522061800306
302.0,0.7815522329782182,0.5963014479561894,0.10045617527038492,0.3802103339846998,0.5798439403085612,0.9219671903940587,1.0286882991928756,0.7790787499473301,0.03299470618106459,0.3981736801212405,0.7620509442377625,0.9186814761223818
302.0,0.39990392214971293,-0.7097004777376914,0.11975488921485433,-0.482330925008707,0.39201506590005764,0.06891303499438961,0.683161743969491,-0.31922743653227736,-0.1551123173482164,-0.530112989918619,0.13563671862486804,-0.020224777612113942
304.1,2.3785743475581014,1.196734912472926,1.584951916750502,1.8189989830326478,2.408294490818589,2.7618663183613683,2.356933398101294,2.135568585684198,1.7468081888178981,2.403383071321069,2.8640985820479905,2.491145364381924
305.1,1.4082883168448452,0.764783023963092,1.358689598546867,1.886578062684504,2.2206344405426948,2.3405871410194856,2.362368202093884,1.5941744737090149,1.2727596776656132,1.79143223877113,3.1702694818404424,2.6880188298383
305.1,0.574372923979795,0.921290890600398,1.8772775522702594,1.335621402329469,1.2667824002467438,1.4050077761369244,1.8718274585576213,1.4371635041521167,1.883621477144924,1.5128228757900295,0.994285130127315,1.1318040069575381
306.1,-0.798695024270621,-0.35181892976132756,-0.7502190538755307,-0.2604572471937724,-0.01082398050175104,0.17250354882679708,0.1479409660431279,-0.3780587490577094,-0.7928652604966808,-0.4160824493889861,0.901357542845635,0.48778833365091134
306.1,-1.5781121264124236,-1.260212545166485,-0.29565248540806754,-0.8962576524134519,-0.7975378467529529,-0.7818977133610979,-0.2950114400906674,-0.8411655253191748,-0.2976679545292664,-0.681207250144716,-2.624351504354676,-1.5874570228747982
307.0,-0.10199536871530335,-0.3155091513423902,-0.8691612600013934,-1.3620760778718388,-0.4342368305448546,-0.44714320984760525,0.04824873449847966,-0.2541319773101294,-0.8656354663514976,-1.5961028163375808,-0.43526981290228606,-0.5566832185687886
308.1,-0.25966951105442626,1.8853784830355287,-0.7527044868240114,-0.31954283630750735,-0.8654600537254492,-1.0725140901154924,-0.6440217393486791,-0.09856861314687548,-1.2087851824758258,-1.0302414650682885,-0.017232297858166712,-1.1137017014360406
309.1,1.1317026616519406,-0.3529978114721649,0.24299218543122458,-0.19823402615437546,1.0935107112642346,0.9027588109666143,1.0043044127796006,0.49155773474053754,0.4268264713639994,0.380742646223332,1.3141772544874544,0.4573095071468347
309.2,0.34191033098096774,-0.5497524836562694,-0.1444757412245783,-0.6276563335947231,-1.6724034042446712,-0.7523423703892577,0.3157070801425945,0.3911211439893381,-0.10618288710088153,-0.14991988905456666,-0.7906369943235316,-1.0620676980718908
310.2,-0.9614791124710957,-1.1719691599257742,-1.0683901987581668,-1.4936858385410106,-1.0203396280964383,-0.9015890913299206,-0.26395759445411193,-1.2369338389139866,-1.539135299680676,-1.2459980084371844,-1.3160860575382054,-1.5247412576653248
312.1,-0.3536446896286958,-0.9901733940628861,-0.48537950999076085,-0.9064409355985515,-0.1326144898464401,0.13896283404170784,-0.43767608454531537,-0.4017142545855257,-0.5421955610020333,-0.7297106255974819,-0.3766544246106214,-0.33671656617346124
312.2,-0.7697454358050895,-0.18946977900946838,-1.2309199386829155,-1.769952193575766,-1.8539301398990604,-1.73833605382067,-0.6682592171141859,-0.7955119581861028,-1.3721161727042046,-1.3117789185769126,-1.635981220985866,-1.7068775910618794
313.0,2.1854850146785854,3.7133016011116906,1.1142967287027599,2.470315213633065,1.5927531890783895,0.35787181637813603,1.4859077581071682,3.679413485858368,4.518280661900491,4.057601136942958,4.040286458135097,1.5088185729929038
313.2,1.7101723273691167,1.0412051785908205,1.0569878198897866,0.8400495955699754,0.7909846059743207,0.9683242308842578,1.912346504671413,1.737572349448643,1.1619409881794798,1.18458234271561,1.025699611865124,0.7757494034990159
314.0,0.051497725432579244,1.5202020371492395,-1.27719884412588,0.3993367183606016,-0.5793162914642985,-2.4051946130941455,-0.9796432644077437,1.4154337804996346,2.3230364078240093,1.8985819039281167,1.7184891523367236,-0.7153196781520726
314.2,-0.3591794224084821,-1.1107549686679075,-0.8429364662652268,-0.8179453115413179,-1.310873224906123,-1.085046897037527,-0.012125544552599177,-0.41119109826550115,-0.7593670260470216,-0.4693341780533018,-1.5328178668742491,-1.225704858883847
315.0,-1.853566096720904,-2.5321772265238724,3.0878617280799934,4.0966405920404085,3.7581645209308236,1.5921557312395507,-1.6985504534495006,-1.922440594195417,3.649603660852966,3.552932027529926,4.446650511543973,2.5320997909677927
316.0,-4.514156694847907,-4.2191338687150965,0.7948338202151308,1.888208837614827,1.5724270488147527,-0.41814971848916704,-3.6949565724841134,-3.924217866440766,1.3978669595341278,1.357371111132385,2.217552097533871,0.5090655147228369
316.2,-1.794543551527918,-2.1135189269525805,-2.6240309035751603,-1.8579762147332963,-1.6805078085013507,-0.5862536879868635,2.0597419894318616,-2.4141334780277166,-0.15097951986656488,-0.32376571413050437,-0.5345370204439659,2.017988549907078
317.0,0.5666358613465556,-1.7625818294193782,-0.22170534379096885,-1.4933344898624972,-1.0652131169702814,-1.1272587265271308,0.9303462149263253,-0.8946190165643031,-0.2300638099171497,-1.2408318466329393,-1.6954509330882506,-1.0257030044579643
318.1,-2.2944161574056805,-2.5217728255029552,-2.063158251384578,-1.2213548787961228,-1.498012272980576,-1.083995894880014,-1.2717415413423905,-1.6515717562310208,-1.889422054832216,-1.3391822801133326,-1.7808841107544924,-0.8533407638896936
321.2,-0.3349624360522825,-0.8888809881977788,-0.3589067576070186,-2.936633141322766,-1.4768717752013014,-1.6724331394030059,-1.6769734603186874,0.1515076544192795,-0.19271726005589662,-0.3114598529708055,-1.0897366216030104,-1.9786071151160565
322.1,0.7917091847308065,1.0184082381383637,2.0547290332735066,2.1599709271230423,1.2837118597055444,1.9670150019176278,2.0994805701268966,1.929983369420765,2.169834342402974,2.444761801906171,1.1014086988857554,1.75897569995657
322.1,-0.6532750189468202,-0.939121731798696,-0.12980368604998493,-0.11573286190145338,-0.11261405384741086,-1.3182144154762439,-4.496985598640391,-4.205642889424173,-4.099527661633641,-3.0795213475332495,-3.646601985995731,-3.6868397042795724
323.1,-1.244407332065419,-0.9146081475230621,-0.060839144260415035,0.05206635086047895,-0.7829619679760814,-0.05683714619666558,-0.014326170586703824,-0.2047515664193995,0.07983086375148041,0.33776829385036433,-0.8746460166915575,-0.2610566732496199
324.1,-0.1406781217144084,-0.8768529824776559,-0.2793556961843149,-0.7318418597231225,-0.01744467241463943,0.24210442066627885,0.4780392404672778,-0.0036354319524047884,-0.14445861378348435,-0.14737640878194969,0.037117167230299675,0.18236712848701303
324.2,-0.7597360299350975,-0.4293375304946315,-1.1498285017853964,-0.8667579800806554,-0.8495032465210471,-0.39280081441072034,-3.5517935407107424,-2.928180918953421,-3.6511622459706174,-3.9308974614848844,-3.2240995879590812,-3.7022279834117526
326.2,3.682321447202949,2.9107430846584776,2.8129786258626366,3.249394002933486,3.619132831671967,4.179514366820353,-0.33494410531104934,-0.27722071107764923,-1.0506160085469414,-0.305444421251583,-0.012325324172375418,-0.1673399636509767
327.1,-0.9738383708187208,-0.9238014933351371,0.1673411694343705,-0.17207788406166458,-0.5306095780149661,-0.2449023111220976,0.1247602814129235,-0.360917857138751,0.3118132041295883,0.0005974424662666955,-1.0005773839894896,-0.5301185433450161
327.2,1.5654940068639982,0.8619264973692238,0.7014187146719748,1.1915811137040944,1.5304602184108917,2.0797164231429552,-2.2121351952046466,-2.551409060607699,-2.4467585247100727,-2.242569084706189,-1.9447272126963637,-1.8529330448454355
328.2,4.108717571115685,3.4290114040977944,3.407100517582299,3.379630638946832,3.621283508778649,3.452659514193998,0.2994896021206602,0.5920568559736253,0.26773285105878475,0.7334391648238953,0.6253310220085782,0.15406150766596205
329.1,-0.2034460711611673,-0.5067743629979369,-0.017641472654930768,-0.022456113500786246,-0.043461708074351235,-0.1784375722896815,0.403333004664438,0.33855871087020273,0.18936830490858125,-0.12914749280774585,-0.41934384890927023,-0.7282988383338894
329.2,2.0215823462194855,1.33128793983734,1.2565330776888584,1.2555699480827962,1.5059892749330501,1.3367340493905564,-1.5157466731596503,-1.3590097004268153,-1.76404132907732,-1.290647170074298,-1.4894817107682277,-1.9772649692577708
330.2,-0.8940847744239648,-1.6459779795193297,-1.5356090935224649,-1.4912411902597271,-1.5304111696653178,-1.325083044105777,-4.1128433278163286,-3.2802560561070955,-4.61105942631131,-3.2889694796933964,-3.5695366624422586,-3.9987607771381555
330.1,-1.984719781807549,-2.3529672811134024,-1.8879489180786138,-2.109439851520563,-2.3377656797379207,-2.1390952996965114,-1.3889831336021885,-1.6021156204523754,-1.6998155310696939,-1.916805886759891,-3.129378810717065,-2.3986901868986856
331.1,0.31593548762722834,-0.09101292057025923,0.08241389189747406,0.33058235254794865,0.263723519009221,0.3578840187543603,0.8761395540639623,0.07878196073626231,-0.15158673896847696,0.7401033101533729,0.32196898287426345,0.5391974123698192
332.0,-2.3660955601336235,-1.5705542386882645,3.490088586328279,4.682930837082796,4.068704197577826,2.243664412936161,-1.7906977630238239,-1.352066082105858,4.080078779446738,4.258442604177265,4.848106808823598,3.3002341181650037
333.0,-3.5532224380841773,-3.697255536113871,1.1612123784077168,2.420664751933303,1.8034488198118535,0.07815468597602693,-2.9901911154215948,-2.7176270490217354,1.824083165201997,1.931270122238234,2.659893547841146,1.027761838556064
334.0,-4.744326202337339,-3.8529772209140596,-0.9935054437952175,0.222871741954406,-0.04058833236895698,-2.2872020543640503,-4.134968631694331,-4.104144312074815,-0.321941379286117,-0.2905500911946768,0.6643547475561069,-1.3645756502857083
335.0,0.030976239507159775,1.3631726001846676,-1.1221686163206996,-0.21464500768804073,-0.7116590749156847,-2.3388159517344884,-0.6042731024975225,1.1481303754510006,2.0973684176332146,1.2527862147386273,1.6102224282941333,-1.0301513744323265
335.2,-2.3842865355769947,-0.3598856589872347,-3.3435701555089037,-2.8431723117105787,-2.728203681243368,-1.6879134582714124,-2.3307621823452607,-1.7150741973917645,-2.1716376594022417,-2.4430873535362267,-2.293325808361338,-2.38238682552597
336.0,-2.3525591495724827,-0.8295664304521491,-3.7181159016670766,-2.5532814312194483,-3.289365946123099,-4.643365639104633,-4.822422471899468,-1.0244680634806203,-0.07769048522896038,-0.7857513864043897,-0.5424805562405304,-3.683151691567099
336.2,-3.3773274245809897,0.34626998027515243,0.01667416142735506,-0.4989161075203222,-3.0031310766712505,-3.137354189606248,-3.857955283444436,-2.773332264589878,-0.20756396349101913,-0.16825067172540886,-2.5538721947510687,-3.2183396539734828
337.0,-1.3257194872393772,-0.9938333600717613,3.2964523329879802,3.808551463553256,4.029332387021774,2.0938729472866293,-0.8730862386475968,-0.8308806567593836,3.807118944367204,3.413435062865041,4.675573103338421,2.8019686584687498
338.0,-2.7906167772261727,-2.89412444082462,0.9396834231779574,1.5500192934843964,1.7025546224344237,-0.13300363444162766,-3.0484102278533105,-2.837214076500283,1.4829685425398615,1.1667908556630058,2.219346788638907,0.5158679037414545
338.1,0.08116517383806676,-0.24528199678660667,-0.012197446314457072,-0.48159617407405586,0.35255308327524465,0.5699141205446314,0.15705177797124037,-0.08845084570592254,0.10573841925132177,-0.21168550952464815,0.8087317470390114,0.4075742679399177
338.2,0.7132379350214417,0.2123030749496592,0.5853724168546511,0.17956449115690182,0.4490818028456374,0.5709064560371915,0.7693383685790367,0.7538185765305957,0.5054571883328782,0.4622965359861682,0.4403202972149792,0.2969103347169035
338.2,-2.0760061397984124,0.4436878590797336,-0.7595254491089924,-0.9396855110235406,-1.1364513570085943,-1.7581350676625016,-1.4491014830197209,0.10222134920489157,-0.3988065751432084,-0.9100141074885053,0.7510497490557916,-1.1442830277995824
339.2,3.2131118258958975,2.756907968218929,2.9678183475692776,3.0660670868324282,3.118491228144217,3.268465257307453,3.406481193393126,3.365660633218152,3.2992357382596778,3.3177898540118558,3.2718388710851736,3.001352829263522
340.2,1.34851924263908,0.7075975374770573,1.0907121968355085,1.5079323292487659,0.30553982744438823,1.3028852205992398,1.5463171461204404,1.298204897940843,1.4011021728604127,1.717062945607789,1.086253292854959,1.0245735605601674
343.0,5.7576568833031025,5.391793461899138,5.434482049356236,5.696965655743285,5.884527440544126,6.2135115786536375,6.076469526644583,5.544910434610766,5.417498347583033,5.758222341114463,5.91664510891959,6.132335763851737
343.0,2.7223326381815784,2.4885892519772304,1.9865305478771473,2.0423558361755805,2.411096093113598,3.0326120458942194,3.0676057700347705,2.643211477194069,1.7418580143762668,0.2762693152312585,2.534194980041824,2.920532367352405
344.0,3.5625440127964354,3.201318254107707,3.2537570377202667,3.508801004028553,3.710795741744119,4.00906151999845,3.9153768176305133,3.3868450809463075,3.288411604707556,3.5508307322351103,3.7212565005204246,3.9373301642336265
344.1,-2.4708824663609366,0.579259712377783,0.6904225539212223,1.0668508970185377,1.037943267061343,0.9868622704316068,-1.2872562278624864,0.8910642604051635,1.0525507946920731,1.328467125414939,1.3086327861999432,0.9951747962666013
345.0,0.9096561351223204,0.5104499319952863,0.5387308690094257,0.7782073139695739,1.0494200740302768,1.3237401566826925,1.222967366667877,0.6840035921276137,0.53813692769709,0.8855861771638426,1.0697681776068553,1.269721354252546
346.1,0.9673327462995034,0.7676144510336869,1.1457835433479078,1.6834007251056593,0.8224548376905934,1.23020909763506,1.6052134811739078,1.9147226741092493,1.39176550034823,1.5985123897958622,0.5058263034892125,0.8056576487420132
347.1,-0.8852839791307847,-1.142160941966041,-0.7884360655819376,-0.26118262451764895,-0.9915820173476076,-0.6746086253785532,-0.2700758844079689,0.003677392499872756,-0.4898079717777204,-0.2564574856272219,-1.2990326527149756,-1.023064040780481
348.2,-0.7593410212843623,-1.3713293435715301,-1.020936000406465,-0.658175766832927,-1.0537418324560095,-0.7677718209091146,-0.19889606201336063,-0.7654571672176951,-1.1566742172152233,-0.20785565115407478,-1.0360305367220746,-0.6016309217864572
348.2,-1.1757864798486626,-1.5091162355976497,-1.4587196302192995,-1.1386929146738254,-0.9702844909404199,-0.5223200503962439,-3.775766970229824,-4.519272634531258,-4.127235119223208,-4.337070181485172,-4.500945942724761,-3.800175523636219
349.1,-1.3564677153868225,-3.7522750091671515,-3.356050974928082,-2.1349388318294804,-1.2739069220414914,-1.07288475825544,-2.924182838943023,-4.67340020841512,-4.312606523612292,-3.756489179513624,-2.769227853960629,-3.198428695812883
350.2,-0.4050175845762187,-1.6871721780403794,-4.0945976090824505,-0.7059192220103999,-0.1541830240680505,-1.4168764096376032,-3.6587811366142415,-0.2653006896189336,-0.9377612355705971,-1.1274152591506252,-2.394994837091531,-2.9229615905962714
351.1,-1.0118523187418094,-1.4492167239079803,-0.8216323108461931,-0.6672608423817891,-1.1547248119722262,-1.1841045659336173,-0.5933346862633326,-0.6533237097321383,-0.7054034513664507,-1.0564416828538026,-1.4989961299327212,-2.0050362159533135
352.1,-0.49470819546206357,-1.5250229357918612,-0.864172450656167,-1.0224877036582676,-1.2028340432373184,-0.8989240365484853,-0.2763706012058247,-0.8957640868657637,-0.41725323669303593,-0.838058456594239,-0.7715042284882601,-1.091449206644425
352.2,-1.1768006225531624,-0.56213965142902,-1.3634182281227845,-1.9536109829067927,-2.4705480372285047,-1.6251800568156192,-2.696685436486126,-3.1484166387031385,-3.208670971883743,-3.6338787764175,-2.924772266899134,-4.129123313532206
352.9,-3.6190140259713357,-2.9469706595278096,0.5005391253960072,0.9099327562638899,0.2892105170628369,-1.4800327319119777,-3.4566350417603657,-2.98512451423327,1.391235830690455,0.38937653175181963,-0.22688316772509576,-0.685799013411473
353.1,-0.74267731852139,-1.000714572726413,-1.010171970623212,-1.2481685307052004,-1.0611770357484747,-1.1690409817047525,-0.41321598984902086,-1.2546827438062074,-1.481073756177637,-0.9665412912140805,-1.1314280857084016,-1.3024733631062144
354.1,-1.4935876102063035,-2.3972508658855993,-1.7300318586898564,-1.6086825222561738,-0.20026120354160426,-0.16367093680696987,-1.594725852076619,-1.6046561868892504,-0.9474554676999274,-2.3825282651341664,0.20950878999554257,-0.33721274751855235
354.2,1.5998967883639856,0.7909630124264722,1.0061291045011234,0.8460082105373165,1.0930554403709505,1.6055399327210174,-1.5435220059791286,-1.3013134511350735,-2.7093336883823094,-1.4256995797737009,-1.761556661274912,-2.020428690383136
355.2,-0.1654795598524591,-1.0232078876088584,-0.8969834823514664,-1.2333102296974583,-0.7866047918101956,-0.13671984583777275,-4.3022506252566455,-1.4483717260543438,-4.133205149835643,-0.9223967241383533,-5.829785080010268,-3.0728393841889616
356.2,1.6666331126562888,2.1010245897305935,1.8884893694096485,1.653458748474348,2.1741863104448678,1.7798986116833322,-0.8521464543359882,0.4539129873596753,-0.37284860482509874,-0.06217327534814976,-0.3400765795062559,-0.11330061003379821
357.2,-0.18931684159449358,0.11913123583288016,-0.08302371452778479,-0.2183746938756732,0.1902786630952441,-0.1371104276690971,-2.8714176850361492,-1.359358314341592,-2.9369221746555443,-2.2509640605188084,-2.172638637300489,-2.101528781868085
357.2,-1.8067979300758537,-2.697904561030672,-0.272875642000285,-0.6460162289421397,-3.3123086087029527,-3.0004186268722997,0.17088688997628843,-0.49490254218077756,-0.602882017441353,-1.012518839886532,-3.3438387031006895,-4.84339905977738
358.9,,2.765847038080822,3.3579116188172136,3.0961594318678953,,,,,1.735990427782419,,,
359.2,0.30283443427082946,0.2377312884796237,-0.02458585589425899,-0.055873619128491425,0.708980611183133,0.7843729766784777,0.18195843632842734,1.0192227945800987,-0.297177023045899,0.845318728295442,0.6141042052198199,0.9652707588460855
360.0,4.701611909916526,4.3755666835478895,4.407155930661474,4.875536243588738,4.7854633349991955,5.288792779700557,5.03376624561831,4.640687072384973,4.474962295933152,5.019278539286235,4.8918336585668225,5.220181374054035
360.9,,2.3803477178135575,2.8405490631035932,3.543330005498758,,-7.2457712953540305,,,1.4073545427652532,-2.6822522416295946,-5.9477798161731865,
361.1,1.6437320113041851,1.5189252011862677,1.3352844721272883,1.3140878261997289,1.3694916763447034,1.5194025728277456,1.8181225674482815,1.7488021909153035,1.538528367377241,1.6482590735281153,1.4783847261297116,1.2798054291926237
361.1,2.558193090919501,2.292346419179678,2.5114049677159382,2.9696262671709364,2.60441258017042,3.122137997522516,2.912311569599923,2.493982036195259,2.5311578079075385,2.944856197653736,2.80926494132321,3.0446521184188398
361.9,,1.867405809042167,2.1262829394596907,1.783656682154842,,,,,0.9843497205368275,-3.7485571395137565,-7.206928211850753,
362.1,1.0401251632595292,0.8377739327820567,0.6300437971284114,1.094302731884801,1.1681643040804652,1.3357725590451741,1.1080603656354806,0.7914283105608061,0.5527394802145911,1.0510813520269244,1.183715115416674,1.1348276230680159
362.1,-0.2635875968585133,-0.5492321409326419,-0.4290321765114927,-0.4537779708833215,-1.7641733393692784,0.027714903977044014,-0.16120908694362646,-0.0627388493093699,-0.1765153080220424,0.018978187208471997,-0.24080828471465,-0.297026556425226
363.2,0.11568701742899079,-0.41937472617675975,-0.4370714112061498,-0.6471465854897079,-0.5811279888411346,-0.5370881272761584,0.3977099727307096,0.35127651373711644,-0.3134127385810874,-0.24971367047620263,-0.4351016594908026,-0.6574091258637554
364.2,0.029395369101325897,-1.1633633056839492,-0.9281498136061876,-1.554819028646012,-0.5105061420470675,-0.5813923334446799,0.18254620563922086,-0.30249873257991644,-1.1090423665976419,-0.9849097140859944,-1.8325616284202877,-2.364632958115289
365.0,5.065004223777294,4.645789401640618,4.8217356012553,4.597409141769931,5.211491733131746,5.1732978557847895,5.331912004065618,4.71988700576882,4.740266173071577,4.671290334726937,5.126657315030483,4.979477973860493
365.2,-0.00984087146242707,-0.5454620261299201,-0.21077430413092801,-0.5086264432118631,-0.6718267487285469,-0.5353245344649468,0.22372008798190535,0.2578177693576301,-0.07733746040312883,-0.18538682302302578,-0.48883289640363015,-0.8337771020987953
366.0,2.934516021153656,2.4977726507652793,2.583347884128487,2.383517373561183,2.9859721499196676,3.0080884541860624,3.155826748096002,2.5693324482283257,2.5790581085169784,2.4999089581691956,2.9097650784978137,2.7548863400471904
366.1,0.7999972007162106,0.08203355799270806,0.849343448510411,1.464386134707437,1.8175810120345997,1.6845940108430977,1.1432967288597768,0.4851467718555745,1.0666668111640423,1.8058811761866245,1.6965750961730344,1.7280690244965262
366.2,0.1950166285155419,0.06094722465925356,0.007245150281309731,-0.09178108973644972,0.07291973251240225,-0.053033996083435286,0.7354908935877557,0.29410881065790684,0.20457677368685062,0.35713396602341724,0.16168183480450748,-0.0998006516485882
367.2,2.8677426321309327,2.3653053758504967,2.5663900532341697,2.44804678944049,2.5880601872010875,2.73616704259543,3.090232949305609,3.088624537607015,2.8535588549635555,2.785529958046722,2.728014979573987,2.506358018229942
368.2,1.1677223386555207,0.48325643611166313,0.6186322200138463,0.6254493243077967,0.7232113907367105,0.8692083909440198,1.4066968996528015,1.2203313679477465,0.9265961451924206,0.9103408132551696,0.803927074868854,0.5882016626658202
371.2,0.42163613123696825,-0.4666718891883169,-1.0773759734360269,-0.962691140222394,-1.083493485869719,-0.7430268646398305,0.6943799689788905,-0.15086537240506004,-0.35642356420217314,-1.0523702057056086,-0.7787430796113368,-0.5877630337785683
372.2,-2.496830797846225,3.314551933892705,3.2316561689982968,3.3569322177678917,3.4564445361977643,3.30187559655236,-2.442927708213795,3.183064902350897,3.44284776445477,3.700350426250513,-1.3528711600817054,3.2866856260048563
373.2,-3.3111487121828733,1.1632351095369398,1.2834939006294852,1.319222774499979,1.3968482772006912,1.261608594789831,-4.171515532725271,1.1118041504896816,1.3344169738202747,1.6678664541735537,1.723505113640587,-1.3419440804655243
376.2,-1.205064562117412,-1.2490934983909805,-1.9673995120006893,-1.1675227232886458,-0.9182060315540327,-0.6914458898553321,-1.4973467899206114,-0.2390697980328289,-2.5415415091173923,-0.587287117357528,-1.0252295516675396,-0.46619802720852144
376.2,-1.0117278459538852,-1.5480109903232966,-1.5623471888606155,-1.6347737725282898,-2.4603430161695963,-1.433710384997168,-4.083216477543317,-4.0639066028209125,-4.614210430887996,-4.533105506177673,-4.517832471325362,-5.841136447994416
377.0,-1.9837595958683774,-2.0618061288682332,-2.132592250864405,-3.4319489820885196,-1.6512546248599311,-1.8533456477084815,-1.817029595342107,-2.033896219648647,-2.3470038665373876,-4.481859671403875,-2.7396501794932746,-2.5479077594389525
379.1,0.694469778963957,1.037652285412705,1.6162795138927688,2.633434682797783,2.008526725541903,2.6122578116330453,1.2889257100410385,1.0300878894233307,1.804915381595955,2.6227142760046522,1.5661262266258547,2.511864445262941
380.1,-0.2796514109961634,1.8706655613550907,2.0504898448747255,2.567047419984179,2.7235763831818476,3.443658468406935,1.716866528298099,1.9138227669101395,2.2208975408021523,2.6974704701560888,2.4378434568334706,2.9207489340869848
380.2,-1.213349776683654,-1.0391641815156971,-0.3158491894369009,0.741912829779079,-1.0608842946263173,0.6267967733167519,-1.5317226888790256,-1.6534313010486226,-0.06755421342449108,0.7499711725099066,-0.41819412748142737,0.48543071382491965
381.0,2.2819629510021198,0.9936716077554624,1.3452493791193327,0.7045490674349641,0.49762276855096543,0.9085630603659405,2.5030033770521407,0.9966561484450358,1.9695056439071446,1.0916140276216217,0.9777463998272666,0.6509906927911346
381.1,-2.722837726922536,-0.3435032072256289,-0.18201048863215807,0.39881689985350965,0.4741030704037995,0.7317030592197163,-2.51461284498622,-0.27668681588758925,0.03547145458813805,0.42545787436509575,0.27340184069390605,0.737909992354541
382.1,-0.08773825588447548,1.2488840649879727,1.3877032218820418,1.6719437989624604,1.6634232292843198,2.337093110146712,0.7357307049997528,1.417040836268756,1.4574098512720992,1.831683274272193,1.6668017514648867,1.72294362395014
382.2,0.9236187430886411,0.15094735850054047,0.06416115142201168,-0.049716794150473365,0.24680097880862212,0.4325213118537241,-1.6763531012827557,-2.0057340083353434,-2.7400876339143654,-2.7790702302997468,-3.1503090207655005,-3.9593662052013174
384.2,1.5346051195723813,0.28520852283231324,1.8858042564213957,1.037959317887672,0.3212927935202636,-0.2277273401458394,-0.7350406730655936,-3.1848472015567886,-1.1496820741008384,-2.8102274155650093,-3.063638312356935,-1.067652064323107
385.1,1.6021413223443506,1.2320648833547152,1.474189849831647,1.6073703592365407,1.7142293380509825,1.6655997927983606,1.9296997023131657,1.8928787529153965,1.7447799947586755,1.8520936169218254,1.693402242719078,1.6811684961412205
386.1,-0.20361635054081773,-0.9555834621434791,-0.40823964973725146,-0.10717024796378416,-0.7491626552704812,-0.11447913261804665,0.08138808727968894,0.06245958620931791,-0.09795446932423235,-0.02915536430676524,-0.42403550078097796,-0.14008662491150392
388.1,0.6416979080967705,0.13347128301378802,0.2837215932542514,0.27294821057194474,0.6322845641447334,0.11860963653977907,1.1024309862928738,0.9828839806941565,0.855515217136283,0.5868992102850211,0.946511618829501,0.4469572986288226
389.2,1.6792019772829474,1.1249694606699627,1.2821518292328864,1.183656595701667,1.3023008283203148,1.5955482791146627,1.912810724298705,1.8344943456703335,1.5172485231829846,1.4488416245076035,1.3754552702312097,1.2661516081711615
390.2,-0.10564039942085035,-0.6398145668906501,-0.5558055914658568,-0.656876133182592,-0.5577678278728576,-0.14455935669516984,0.0803981477980773,0.03242832037129961,-0.2638778268893357,-0.2900089999258604,-0.3594579458001228,-0.4646597504701907
391.1,4.202891486523247,3.751307290385946,3.5726963847238618,2.8669997808075283,3.013948368197142,3.9009552740779077,4.821642635805997,3.7651218189802655,4.147165635109379,3.084370144269774,3.402169894091683,4.1050878654378105
392.1,2.290162346329317,1.8456719015332572,1.6821702022238685,1.0413517219449115,1.0836424621170826,2.0205311873343765,2.9245602991965076,1.889085059474319,2.240644373632138,1.158819705773052,1.5033979611154753,2.178405600500895
393.2,0.09396579727378751,-0.4525108984210411,-0.6026280010702236,-1.8036124598724927,-2.0530995268911263,-0.2707475091770992,0.40079108162470267,-0.32355165365557315,-0.030345616361000083,-3.155208475920671,-1.1280813753637775,-0.2098097834525554
395.2,0.16711222842330542,-0.31137604083718706,-0.22689661798572625,-1.4766163184204606,-0.8704228780521829,-0.5950512898600985,-0.3087185847693632,0.8843815215461754,-0.5440171315480642,-0.4141860056237079,-0.4929955777922197,-0.7745134303502582
396.2,-0.8185983203623395,-0.3210472171502987,0.25180011856006734,1.421570384606163,0.47967586871146173,1.3300517008022674,-0.17504805314368665,-0.35747446206249367,0.35353847460900584,1.389470463226404,0.083017528247319,1.2022094245579509
397.2,-2.756889299149421,-2.3931784338806263,-1.6308606352187032,-0.49510877579970625,-1.2220180013771187,-0.560495067617136,-2.3029231192875455,-2.47526727214189,-1.5049278428982393,-0.42382573943387314,-1.99132320324634,-0.5419953797838414
398.2,-4.173353629737084,-4.758544935055426,-1.9362426949123566,2.214789743093688,2.430750280852911,2.237265912533581,-3.4386965789101542,2.4424110795502774,2.355799710854532,2.7248718552407323,2.5078586790284443,2.1512321374988477
398.3,-0.3107949884383565,-1.3902068766489992,-1.9653517989577,-2.3898357096560465,-1.4095490332353893,-1.371993679055247,,-3.7824377594943366,-4.5281951483795195,-4.0257035807809345,,-6.884726666939812
399.1,0.4654451311771135,-2.0057651198533435,-0.6510185068725822,0.22799101971608965,-1.5519712293861914,-1.1004626002610358,0.7290400024806308,-1.8808249917771434,-0.2206051681471345,0.46054287528713356,-0.4877729475186776,-1.0245593735815466
400.1,-1.7024655378152715,-1.1862125569475201,-2.3281748771019224,-0.8428563898613285,-1.935482998832751,-3.006017386088588,-1.041706783872954,-1.018576868519661,-0.1937906776315853,0.2880389487025242,-0.01704100970716571,-1.9361941879970144
400.2,-3.16190691225064,-4.8688013126568555,-0.7155989376375949,5.3435243647752575,4.657116065791684,4.5161242726492725,-3.214479092614184,-4.158791369044509,-0.31948143067332657,5.436892807700991,4.839499035035129,4.307649517337988
401.1,-1.4431895238967796,-1.6353045183138513,-0.7840351444877873,0.2933400666771533,-0.3822708754213252,-2.029861101060724,-1.3505780897108504,-2.355425881504183,-0.8683671557441823,-0.23718869452778413,-1.8175117921472215,0.08924200159474471
401.2,-1.8235868427502795,-3.8737410027009016,-2.8197017732005945,2.279465294674035,2.778312313577948,2.7286382835392535,-2.5643806885295133,-2.493142157705736,-2.067579159836561,3.5904844290870046,2.8367316369589872,2.4912666841713564
401.2,-0.35019945472266967,0.42518005207329146,0.5266736559837197,-0.08089524221266398,0.5344603739867771,0.5177198256624944,-0.014825362948062026,2.9939819166397292,3.5975516717944185,1.3193403988555743,0.2119962388757649,0.3610449293649895
403.1,-1.9948113441698063,-2.3578939399545407,-1.89860865740745,-2.215319048426653,-1.8058824175621209,-1.4648382777256788,-1.5800474648462557,-2.1592012738367403,-2.3525682987828924,-1.9425495227558884,-1.8947891461841986,-1.5715006151885613
404.1,-0.3244761653186712,-1.2755650373353409,-1.6879757653625935,-2.946847542222999,-0.411817400287081,0.42531009636284217,-0.05568980646538191,-0.5776786010725883,-1.0902319091144528,-3.4430727936566057,-2.5319344453387203,-3.5410370940432
408.2,-1.7823586071830948,0.13329785696062124,1.042291021020631,-0.3432259066976736,-2.078941282179786,-0.051686961850373137,-0.2822847728516389,0.6507818575271399,1.1633350552208035,-0.7564655149218336,-1.466633406420016,-0.12449188310665138
408.1,-4.0335099139862045,0.9881360166845421,-1.9812570408012893,-2.0358031794891382,-3.121799392866649,-3.9652865912948516,-4.3434231008782795,-0.8299630117749872,-2.616666291133737,-0.46803421240930176,1.1766251791321918,-3.758921496446572
410.3,1.387299447736702,1.336136897771762,1.7295681432842769,1.6791234482811075,1.7512188653594651,1.7366829300349536,-1.250259373350636,-0.9024289594762127,-0.5851597455437152,-0.6099590029718001,-1.3693667993437033,-1.2368250359228026
411.2,-0.2979131966246913,-0.292816284476083,0.07606514490419597,0.04014605823237394,0.09516949132932073,0.1989516565366437,-2.301535999987431,-2.029873144386234,-1.9478837368003743,-1.690247204743443,-2.143516003336633,-2.020200157083091
412.3,3.187465819884904,2.018914843813504,2.0180341572232523,1.1458597524374279,1.546927822275527,1.3100123470011735,0.5741545223319209,-0.5997035496411856,-0.9783189607685634,-1.1832469105763015,-1.8449955479247653,-0.9340854534703195
413.1,1.055979280602946,0.7100157272600769,0.6816023144428311,-1.2980369434711827,-0.768592096596939,0.4510215747299503,0.2535259632715118,1.0506789940000005,1.0131179136133657,-0.6664969674018861,0.17667497620062422,0.3094081795903015
413.3,1.4040358009975362,0.26133414495465296,0.2569534277575082,-0.5485135520211014,-0.21236529427922823,-0.642500411224367,-1.105981647113833,-2.2252181978352663,-2.5835194025632875,-2.9081777821415282,-3.275092357985069,-2.876677501807741
414.2,-0.5694893981025846,-0.5696857806504809,-3.649049688307928,-1.2440069730828873,-1.4887710157449972,0.20723283452685104,1.2628732107400686,-0.9869723987666337,-0.3727744070664514,-2.620154611965169,-0.5620791407511454,1.26226775454783
416.1,0.2295019939493198,-0.04065965946265088,0.012914576617711282,-0.0555246032630462,0.06465502718019611,0.1339600407277427,0.5259352080260599,0.10247868294835816,-0.05661895293877328,-0.3417560708986138,0.1556921490906995,-0.15574281066553275
420.2,-2.6752049450444773,-1.252513363575407,-1.777745415739147,-0.8977262386851702,-2.7608143300364802,-3.183306194690951,-2.851708918452732,-1.8195228555425758,-0.3621944327224993,-0.29233650750374585,-2.067198487109038,-2.101758513773806
421.1,-1.263676269728474,-3.7175112305567453,-2.613278769733895,-2.38954675645429,-3.1350789627447435,-3.402608895381856,-1.223423978748516,-3.879060438273287,-1.8625824634267,-2.0214436760796666,-2.6058826861947972,-2.6734080586274764
423.1,-0.6651880839458839,-1.0347421769105183,-0.9629038236461058,-0.7142447583074748,-0.4794809249173596,-0.6500154880080541,-3.3451878472823267,-4.50182706155875,-3.2579725886701247,-3.2372430201588958,-2.297828370731991,-2.785282577393891
424.2,-3.9256249102274157,-4.483733994301401,-3.1670729253140086,1.6968128322041278,2.3351139990747303,1.2906054671844127,-3.56382110976627,-6.016381813385561,2.3188148129716275,2.653770037470827,2.6289596392501924,1.643941657058782
426.1,1.0817830670331547,0.6902246747237686,0.5064519003492426,-0.06851108689264285,-0.20797620447498955,-0.9909923277808973,1.3296483783552837,1.272313099734985,0.20610357025232384,0.25291132058356436,0.3486118963766591,-0.16740607883103842
426.2,-3.623394356994645,-2.150497176184242,0.23166027385990762,5.116359108204185,4.697715895659318,4.666395876727632,-3.2395896658559367,4.909072372356912,5.059400731827557,5.164630277946117,4.938734298501178,4.183307264397446
427.2,-3.7311467845580775,-4.178008735083834,-2.132113556941238,2.5845862867490847,2.7948580242086867,2.8704005166551867,-4.584787040350966,-4.437652975548714,-1.799037649307943,3.3061163077885327,3.143717037086488,2.3829679415373954
429.2,0.6328090204115302,-1.1308537051129248,0.47072602068364244,0.719222213293868,2.3622664552310075,2.7137549340766958,1.2457989850105422,3.2452080930516187,1.1942441977551392,2.2975645082387457,2.3059733880083777,2.439522758416622
429.2,0.9733664149830599,-0.4544907886598718,0.3648328417576629,0.6491450180714987,1.1120496938962718,1.1437593796128733,1.46217538821241,0.41822239404835837,0.36234768276889,-0.35132098612935003,-0.06061697509494923,0.6869979019341894
430.1,2.351269161999829,2.0230239647188952,2.5849743013578794,3.375314288154182,3.4675593029168943,3.6522663509255713,2.61751100681526,2.3241988834502214,2.7286421817942,3.406914307854768,3.4326448902245827,3.5277667269676694
430.2,-2.966908298456756,-3.0955763584839797,-1.0975509097274436,-1.0954123872592771,0.7302376609940278,1.1601207586456812,-0.40818977366436293,1.6235111336078933,-0.34936687208588824,0.6748025432109217,0.7576238170454618,0.8440647249573202
430.2,0.08821187343823667,-0.9061930731400714,-0.6091084937626772,-1.0360706952242449,-0.9223191421173252,-0.6860049913063359,-0.12461761355866252,-2.4670041737418815,-0.7160469604547284,-1.390757100969351,-1.2178514047116236,-1.2236182108117575
431.1,0.5784899288138333,0.606642154736207,0.7937673158807244,1.618917698589153,1.6590442963598666,1.82061062808735,0.8493589025226665,0.4871117430113338,0.8465646936415789,1.608126666723067,1.74512016143043,1.787915070741589
433.2,0.37940445582645244,-0.012706123223059418,-0.5001019072901385,-0.1643056660180381,0.5007161647783593,-0.4233867747001273,1.1924704987973325,-0.32701603883765484,0.660618779868619,-0.07916699557477336,0.9351119868873197,1.0555531051893432
436.2,0.0045121194877565385,0.4290158601520193,-0.682413582907144,-2.5030858906672346,-1.5210979378334821,-0.4215401302325029,0.228953736428128,-0.37791234285389685,-0.19596790126368457,-1.6269842199455158,-0.8783366915757291,-0.9168625874898547
438.2,3.212417346051968,2.7684576887723296,2.7482676928238132,2.7569211668997875,2.9627484553293892,3.018175818235705,3.335181314720814,3.176033974460034,3.134180292684862,3.1377621268052898,2.8800284333258883,2.8237001322232675
438.3,2.171748036499726,0.7619967862505518,1.2293112411735172,0.7811770497008962,0.8033968364478582,0.993155747252263,-0.9619651192117564,-2.18766993642834,-2.19473435246557,-2.0153146213201802,-2.0949256560967564,-2.0355043636105123
439.2,1.2086233170571683,0.7441204855448338,0.6771375517442623,0.7688526793356917,0.9508702627334916,1.1257989749276047,1.3138356624074226,1.141308539425302,1.1168636515677657,1.0918004852953664,0.922779265094935,0.7857590449582375
439.3,0.5363881269768901,-0.8453298379635688,-0.3703682579858485,-0.7842853531446711,-0.7462928096857874,-0.5588631817130002,-2.2449321019682777,-4.042471488066466,-4.061176350511427,-3.549875647774822,-3.688931324306166,-3.4175869013819975
440.2,0.20647120574160893,-0.1341445011041068,-0.2568882927018703,-0.2510094155905954,-0.051544025749022504,0.2541455102648189,0.46956396604569206,0.2877938762500637,0.1404421444108136,0.1579027755188006,0.10884371038940643,-0.06692394867459817
444.1,-0.104036116734464,-0.7802394498031242,-0.7998758636006418,-0.24026058997474242,-0.3171626693886488,-0.09180055941364218,0.10755412191066627,-0.6724874675812469,-1.520444402861995,-0.1525094477181166,-0.5000643300914349,-0.3067365242472182
444.2,-1.1672345812508413,-2.006675980078472,-3.1396023080920634,-2.270981167524791,-2.5186420792064235,-2.7572932785334197,0.039988896096271764,-2.7325218298469167,-2.408286367624494,-1.8489006106061714,-0.513160428257978,-1.1970551216424417
447.2,1.942691279511992,3.22097941111965,3.170065301104407,2.922827877471096,2.7222796057499927,2.9556558396366612,1.8048229643383555,3.595627651594069,3.7134015785946026,3.101078126302128,3.0960467766465296,3.257978031576288
448.2,0.3580961377717717,1.3660206388157827,1.4501894359512362,1.130340567644693,0.989537780629206,1.30269506077979,0.6325478131424143,1.9113117025122537,2.081013704768542,1.28806324816945,1.3126614121060025,1.5995558340657499
448.2,,-8.949486585990208,-4.7712747632918795,1.987255862667666,1.921838768168632,1.3345714875308337,-4.1729664713045445,-7.038511891303607,-3.4120870468090416,2.144963471938646,2.1082694972713547,1.5088888723201817
449.1,-1.3746229404744357,-3.107795929005416,-2.120984494270197,-1.4675981026568166,-1.679744138679503,-0.5493890880603699,-5.1757648212957275,-5.852986520361532,-4.773094050722741,-4.76235575364886,-3.8393751069620503,-3.9990811472415944
449.2,-5.0913564390504344,-5.952223675749499,0.03145273315200642,-4.392978992945106,-5.208164901435427,-6.315956405524426,-7.603807501932874,0.31608987918791254,0.6249439153941797,0.4670836899598967,-4.386595456626504,-5.569584191127552
450.2,-0.5720739666159074,-1.3002324322426484,-1.378223261202849,-5.116128916227228,-3.6646296040342454,,0.271679935142926,,,,-1.787252356366752,
452.1,2.6140304114125685,1.9028211862224438,1.8047604217411815,1.4752590409502049,1.5345881483048402,1.5939144009838957,2.9295836469951553,2.839423170087712,1.9169476604610796,1.9908086484473222,1.7947277266425399,1.3743301367003897
454.1,5.033364932626039,4.282214203042273,4.31271865429497,3.9176998053218233,3.8846001502383016,3.9484396774093837,5.311656391708857,4.966646696367716,4.372310481562007,4.361563424394308,4.156651248946055,3.786477845421909
455.1,2.9971601080675545,2.2248001128323187,2.2410039015539702,1.8723552639191174,1.8288661208569308,1.939250750051107,3.2692621992217608,2.9332164232956535,2.325260499747392,2.29718866334634,2.184803941121805,1.858096472047826
456.2,0.48946303835438587,-0.17954272824730633,-0.21174752314815448,-0.5238983699496137,-0.38557014088821584,-0.470552808845374,0.8376422128709525,0.4698712100864109,-0.028224976506750377,-0.02877006984901065,-0.0072778618760654945,-0.23841559886542207
458.2,-0.10752234119896076,0.17096717862366673,-0.6188330335944916,-0.3171519591524391,-0.02152516505902713,0.3678451322776182,2.414293460914238,-0.37943292372726667,0.4875768230931733,0.32674014068308144,0.4474877067732427,2.2331865801190522
458.2,-3.288778947882823,1.203089295785901,-2.641238363373212,-3.7037084240951645,-3.9425282928101906,-2.399778812209199,0.7516561290953182,-0.8078014874728301,-1.2156593732989078,-1.5387330374750898,-1.5274693808058981,-0.9025394470558022
459.2,-1.389237819384185,-1.376116483303115,-2.1581768762379756,-1.8252482785466038,-1.6341835262011841,-1.3244998300127668,1.0730964644189325,-2.402182378372691,-1.377646706568375,-1.5435450223162475,-1.9224782942802416,0.6295234428921295
460.1,-1.5176000117484025,-2.2052377866105672,-1.7564024239241594,-2.9526733795496565,-2.1755081538734493,-2.6901531844770123,-0.9606742223987412,-1.8254095000701052,-1.7705623034273847,-2.3332382291757967,-2.456579376746329,-2.575155048158684
461.2,-1.9198652717303863,-0.46021573342083155,-0.08451690525865074,-0.28245480365320563,-0.7238151372763194,-0.673954136003368,-1.435797283641024,-0.7337638566408473,0.6214738843053519,-0.0687416460758532,-0.7444130274042573,0.04355323181172588
462.2,-3.0633460588877766,-3.1796432459288786,0.44942916242556,-1.8873638075400794,-1.9224084859975235,1.9854239874021422,-2.0121078857673957,1.235840395772403,1.4312052139594253,1.7382059713494087,1.6844926508760485,1.6172986576716595
463.2,-0.737166576434235,-0.7841432656661214,-1.1261596856563563,-1.16227663222777,-0.718589868046929,-0.21141200843450236,1.1147688854571696,-1.9787494108290267,-0.40205420286041904,-0.80543798065005,-0.22576648695337598,0.9437365851120827
464.2,4.683137004807547,4.195687099400829,4.274214684479992,4.407839657617316,4.434963847443189,4.598893434085536,4.665560630558465,4.482182482700846,4.7059674014524795,4.698348614755929,4.373523636517615,4.218583290392719
465.2,2.8252410394196565,2.30529354814837,2.356640837981636,2.4970593358256985,2.4883546878455807,2.6826823764913326,2.7666570199118126,2.6047076639384223,2.7942457968351517,2.739097862026587,2.4504439888491323,2.313587862934564
466.2,3.318744852708089,2.7641207671391097,2.9188547504127937,2.9974855318283233,3.3850699100846806,3.392405575383339,2.585853464997152,3.3605455166537324,3.2078500028203374,3.3366211332812887,3.290728821361414,3.1610327174353237
466.1,-0.7931536329071762,-1.660607845864129,-4.0134503322559105,-2.5168516779080017,-3.5197017966643562,,1.0352325550471868,-1.1328963132345948,,,,
467.2,1.397436977593278,1.0729058173073,1.0534002994952487,1.159398021284673,1.4700107192974983,1.5159641689096395,0.7058736142742883,1.452621178081645,1.3550255437398278,1.458017983823908,1.4311033711926,1.392746361786045
468.2,-0.557750725205101,-1.925598198839585,-0.2812703679859211,-0.2696188354118523,0.1729437394714758,0.28998182621604374,-0.3036923815680237,-0.3608390201849003,0.07371571105544761,0.021758668724740193,0.04618253759368374,1.7196371962118948
468.2,-0.4839785691300891,2.4355779152437504,-1.1470547094971617,0.8515288599382507,-1.369378219468513,-0.5738111098156181,-0.5427196253235982,0.061044339166450245,-1.5152076616765966,-1.2889128123562719,0.028256392216043147,-0.45595934674250593
473.2,-2.107472660961031,-0.06967362343552241,-2.814921763323192,-1.3962229135146687,-3.272444657498859,-2.5862962793534114,-3.0303000969631646,-2.47572966771832,-2.907483493935299,-4.772998114020508,-2.2373125765814734,-3.8392594096782613
474.1,-0.5111410575584996,-1.2026470503841664,-1.123781477296108,-1.8747129130792697,-1.6194126236212711,-1.552670600003962,-0.28746416050008583,-0.46014488296586076,-1.147005831179645,-1.1622812129447693,-1.929396752291053,-2.207735171646391
476.1,0.8516547585039685,-0.06058763549605112,0.560436932511274,0.3828747918217192,-0.09630711279656246,-0.019560544923784007,1.3151766198474437,0.31168182726098204,-1.4569521964836862,-1.9784605448063752,0.0898814063818385,-0.2712139450279538
477.1,-1.468884706194168,-2.9242753158301777,-2.175400430013566,-1.614514113472191,-3.1053230911123646,-1.8176987111384775,-1.1165635860289127,-1.6106846459242832,-1.6521575730359868,-2.407693882233091,-2.378945301127488,-2.1728621809641595
478.1,-0.8263389400485381,-0.5908947148643211,-1.037350899165674,-1.492352702051662,-0.3876459655056109,-1.2334653850255184,0.017531736515835394,-0.07514068046462474,,-1.5788080486799716,-1.5050398044189486,-1.163606763270229
478.2,1.870374426149859,1.22791828638817,2.0307930166933987,2.0974821080529895,2.364259082692467,2.8760416849322037,2.515884456590503,1.3523937982221954,2.476062665636642,2.249049606935259,2.5739085320115627,2.4409855703484777
479.2,0.28027183725011606,-0.2852561819597892,0.4608329353561984,0.44384057677865213,0.7547482533947719,1.208996670558851,0.9231201137590929,-0.13896817818525187,0.9028735580615112,0.6643987685318645,0.96920828745349,0.927745676314818
480.2,6.816645563725491,6.279695353271112,6.387378545978892,6.3882746054059325,6.513455320702567,6.5230117753716685,7.05471753484003,6.887944687507909,6.715178244525399,6.64831026200296,6.671096540959729,6.294809762365055
481.2,4.8654928737412835,4.372431022093371,4.431093794756439,4.468855884496077,4.57228881679593,4.584801400517602,5.097845919709922,4.915873719463385,4.753451615441242,4.7263068603377825,4.728577302124604,4.385116375782587
482.2,4.26637954521096,3.855393081341626,4.10019146074303,3.9206063328015324,4.12399040500862,3.9326796609438306,3.8529704720946016,4.242776719783183,4.272859018119784,4.407810684949834,4.210274238021459,3.9382179955722747
482.1,0.9248287238703924,-0.11324561037390102,1.6567325491448428,-2.2850980048455884,0.0024746161176035786,-0.6501734877543942,2.62474393010362,0.19549457113846946,,,,
483.2,2.350269778603859,1.9625231000351706,2.162382364371897,1.9973330548699901,2.196698516914088,2.050537190457862,2.0295975217259405,2.339494647692374,2.3839258210705925,2.4911383321121807,2.30663779172618,2.073494103610322
483.3,-2.6029034262062747,0.9275361213606799,-1.801442080464465,-1.6156653092141098,-2.8068532961641286,-2.7250822227702653,-4.328287843229656,-0.10901684516655186,-1.2162865448660205,-1.9032178335073255,-1.4920257297961246,-1.1290903589754793
484.2,-0.02183564056353071,-0.4340903414508167,-0.19869209081060912,-0.3269181805761755,-0.149294915188382,-0.3595814063509414,-0.19643074937776395,-0.072049374375738,-0.045493332234595174,0.0729063441873894,-0.09219275283144657,-0.2784552041531084
486.2,-0.3175871087963056,-0.7197046440845571,-0.31504123341404955,-0.1270683561189877,-0.5088991166143194,-0.32885395142022855,-0.21440454764304429,-0.5931665959427068,-0.10589304994452897,0.06765167789476512,-0.5028807951749543,-1.2170145328093431
486.2,-0.5692840827113774,-3.1696410014579364,-0.9480809540489918,0.061976336074018534,-1.2829640829704947,-1.4919564147547617,-0.2968988622255919,-2.330124744178028,-0.7302972373544245,0.37059317013421217,-0.7160487368257538,-1.3688198302841097
488.2,-0.4829726285715856,-1.4018884459877388,-3.0616023868004882,-1.7145987883077738,-2.177534916308722,-3.035538703724515,0.7053499324693495,-3.0040526194336588,-2.19858716196026,-0.9888442886926228,-0.14617169513813466,-0.4997663826094102
491.2,0.20565498139817906,-0.6543188136808333,-0.0995947540168054,0.17618280151327664,0.14113297580237283,0.6391701320669677,-2.9210678610137744,-4.606607903690818,-2.7607624438167813,-2.3427439802582635,-4.185217631632447,-4.521208759567298
491.3,-2.542727079544476,-0.693117614809245,-2.834186427054311,-1.3099656572983531,-3.3176840100209297,-2.257833466329019,-2.429109301199467,-2.0773841473514043,-2.8150312889137297,-1.9854919207001918,-1.6823462134679785,-1.645859334868156
492.2,0.6943222356499152,0.19444199731620468,0.35538534446973796,0.17533339166124073,0.608388894665171,0.8025542956550965,-0.3265216908481561,0.543206190633472,0.5343137488801806,0.6453252398396486,0.5842275364961838,0.644525037155461
493.2,0.8364503246071099,0.356032704155079,0.22756544291742542,-0.37267354253756035,0.01750078934939181,-1.012266507450526,-2.3385772837289682,-1.114630448114593,-1.533887946812073,-1.551119394950819,-1.9280790663104466,-1.2139109139755502
494.2,2.0290364324455017,1.1066255171420611,0.791937278350284,0.3544023844372558,0.6291425341429894,1.059107539748724,2.2225728130396116,2.128554035050084,1.0152799530431076,0.4993156411591702,1.0473228342895424,0.6017175779795979
494.2,0.3723006963981391,-0.4799936556041676,0.0322508612675278,0.3405337776123883,0.5829855557856248,0.8732388831758853,0.6497084967032531,-0.006003797620875995,0.19968141165413478,0.606160346620026,0.36699262669666627,0.9230762829017645
495.2,0.22658440855001183,-1.0543593783681064,-3.703262270584833,,,-0.850113581922945,0.40714722727050257,0.30196441984308797,-3.9006136670241203,,-1.7059546253790867,-1.4033269668121497
496.2,4.802777347167751,4.4383870903791625,4.780071709090231,5.023637943536376,4.850555853940918,4.5631483366221115,5.158187149516067,4.890496098590308,4.986779511723767,5.138491170658737,4.897924404782081,4.817950669780387
496.2,6.298107312052537,5.877583395260559,6.169826827178682,6.501623146627708,6.587522832191808,6.272832529191432,6.592370866284439,6.1960545854489535,6.450521729430114,6.753544061845123,6.642313199754905,6.509949868660709
497.2,4.427852005402393,3.9864384393454664,4.272752679202256,4.613807271329589,4.7090587514811295,4.37316535023253,4.682677854621933,4.331458183528948,4.5790476691373785,4.87294332910569,4.748634518454641,4.609956881047321
497.2,2.9403463064155217,2.540901153158665,2.8878652549076707,3.177754806666729,2.9897373839814305,2.7127245251982264,3.3022586580110684,3.0281726710819017,3.1051439979629887,3.2336240185400347,3.0497454251042324,2.936271384865348
498.2,-0.9512227826183999,0.29981986016414697,1.0374971716270012,1.2837679759937788,1.1904714537247978,0.9220036956693108,-0.2639028129938721,0.7863442062994698,1.0784597263394093,1.3681977081729957,1.2333591395358416,0.9847417593300343
499.2,-0.698198737301831,-1.2731581411699628,-1.1257206146439571,-0.3263579688440458,-0.8357819663655804,-0.5308302418168241,-0.37888171336796783,-0.7534617125850847,-0.8029524010657758,-0.28270752325196735,-0.48372570708184504,-1.5470259826383295
499.2,-3.9054396392649537,,-1.6291855427188509,-0.38645344014767213,-1.4707793321673837,-1.8672891935864118,-1.4246471892646055,-1.3138789213950075,-2.2049676622543792,,-1.1310865458930646,-3.129595675523441
500.2,-0.670861865897544,-2.9267447436467426,-1.7309154793613812,-1.04870677558177,-2.9377384368559967,-3.01037250866438,-0.604952405821666,-2.760265871373165,-1.4011987927900746,-0.879716522176895,-1.6716058573246124,-2.6616480376350755
500.1,-0.9727643916015651,-1.5897142145569598,-1.7060280729886688,-2.864127974648266,-2.4163906588949806,-2.3425642239872904,-0.7552669175118238,-0.6530667950518609,-1.4050647255617468,-1.8567156637773863,-2.6320132660563322,-2.576504660604797
502.1,5.501582659866136,4.912097379565792,4.940263823609435,4.812915918168493,4.991588503488148,4.996643725613095,5.652810568395882,5.485157461279522,5.2373423723095405,5.155213437725967,5.136001646610225,4.738902166243761
503.1,3.6827181282834944,3.091614315746905,3.11113600128315,2.9904953652929325,3.176785992799696,3.1841367858579495,3.869208728373969,3.6969104772016257,3.4351252009465627,3.3279190950735416,3.318130869971064,2.9302091938510784
504.1,3.8378412869012446,3.2226624971538795,3.162041693906328,2.8165182656580368,2.7279575049798135,2.7939242046401622,4.182658791286917,4.05183325368295,3.268864311458863,3.1996434361027646,2.969286791542083,2.5499243812915804
505.2,1.9919151100069779,1.4522414249604945,1.3677126017674095,0.9976264195515481,0.9460734240665072,0.9844456512848393,2.3482805463904377,2.220170318163971,1.4511697849007212,1.3575844691085819,1.1434551052029458,0.7487526247190404
505.4,-1.9328786953086792,1.4514658252335526,-1.7715938675834986,-1.2341878497191865,-3.4145097210380575,-2.7760506203604685,-4.066848315417344,0.7116049350060895,-0.7027300470316162,-1.6149313184902732,-0.7611540640548664,-0.6353340691134416
506.2,3.7263106258901018,3.035778733019783,3.3700970527084997,2.992297611748753,2.924647299553043,3.0284577959764376,4.108210790470018,3.927116750650531,3.4730222697640007,3.364915331155826,3.2857228127592775,2.8334877665592604
507.2,1.9939721871027805,1.2948475304267348,1.592735954952186,1.282470750582411,1.2600117853725852,1.3209535835297659,2.294390632175343,2.1737910508941485,1.6814875083191587,1.5924554753573588,1.484822776976273,0.7399238053215813
508.2,6.753491555654721,6.1610045816242,6.232674368314537,6.106172713053463,6.269138122587104,6.24134641459507,7.061568760036174,6.890627557046261,6.553935161221885,6.437231694010782,6.452999754223179,6.002179970584713
508.1,-1.0181911587569965,-1.6888869382780693,,0.12973358231385224,1.3182361538360987,-0.0014047622561743633,-0.023358884835540494,-1.468636241403878,-1.683999867883385,-1.8817521886003958,0.20446597242457232,0.3445150078139717
508.3,-7.390933440357722,1.9471133800879956,,-2.1058307807766137,,,-4.170242391122553,-0.9627894640283292,-1.01779552753376,-2.030593305295099,-0.27902483449558035,-0.7889502332596291
509.2,4.9401599170859,4.322204753135048,4.408642115027374,4.270777973751649,4.468709148828995,4.434147703019482,5.224247715176357,5.060665980228113,4.728493548888911,4.61878763129752,4.65330355026306,4.221228743842287
510.2,2.26446589708689,4.054121408468217,3.9601855838029523,2.6605815898400955,3.197508763891901,3.107816849904855,2.8663347632842724,5.15473307292475,3.7198086834105295,3.557867432608486,3.441816625491981,3.0679568462926214
510.2,3.1012367608341065,,,1.8294404452255733,2.1275413087166464,2.2147565544769106,3.278669263500687,-2.291901894305836,,2.2470517831166736,2.3145880440397404,1.9473489981334176
511.2,0.529710734111478,2.2343632244613305,2.175741673469593,0.8296781061432184,1.444866929417849,1.2971724314662403,1.1059010826789495,3.373184156103921,1.9030502399973828,1.7537723985657545,1.5958129440751558,1.3377180588867736
512.3,-0.21881122677693898,2.3923445130829846,-0.8029383985251461,0.9980938715595149,-1.7034622153340542,-0.46267679762758573,-0.27940474046299424,0.3699182346914001,-1.3819002415842003,-1.6051471295878517,0.15391801786187198,-0.6207705317598072
513.3,-3.9848375373475737,-0.17888023161612776,-3.963030899897111,-1.966261860332755,-3.011895947963447,-3.041732280483037,-3.236590115317346,-3.0710206090140986,-2.3151824060312913,-1.935916583566299,-2.2711589431447035,-1.9354804194306814
515.3,-3.0247843962524392,-2.745116717668231,-2.522589055601104,-0.6797294554694876,-1.887265185929568,-2.0826496477493572,-3.5607386796595146,-2.6409241592479207,-2.224773221399067,-0.5929992405116296,-1.5848045147266945,-2.065843380480173
517.2,-2.344234115059917,-0.2874525937096809,-2.945508830613565,-1.6914986372400782,-3.977171298927998,-3.810971163353732,-2.680624126539966,-3.1853890067286184,-3.1673081959456155,-4.441824067623116,-2.826243959889921,-3.549580623826002
518.2,1.2665098280719689,1.2130233352144608,1.603302266928203,1.877248156659841,1.6403411083322574,1.2012660897099396,1.3980327644898973,1.234837595286074,1.7893869417073878,2.0314227334671493,1.5172207175670394,1.3304995305989422
519.0,-6.553810831713054,0.41582562864505684,,-2.8831248718774343,-5.520450194908291,,-2.460493976896997,-1.1625457956347744,-2.727023082981507,-7.404961086898773,-1.9587521943831845,
519.2,-0.4307880481602915,-0.64896844448432,-0.2254924205273401,0.04082670381827269,-0.28199416748481043,-0.547546404403123,-0.2944062957031477,-0.5277248773709973,-0.04392253261215473,0.2588249718993133,-0.27026748334855144,-0.36420859070301714
520.2,0.996716440566439,0.4610637830923594,0.8607521383853745,1.1299467996698787,1.4308665220772072,1.6157448269813675,0.9363061740238964,1.0059492067293856,1.158669890913029,1.7515812903315473,1.0720252876386724,1.5505932934728275
520.3,-1.3874482778316524,-1.1489159786192358,-0.7453266148521425,-4.25969845487798,-3.511086053669132,-2.9322277002413437,-1.2200523580034353,-1.0096596498772412,-1.0695798988103606,-3.2041895926014257,-4.759463416596185,-2.945342181280939
521.2,-0.24366266330469055,-1.0004467759537496,-0.8032375233727007,-0.47377707028958727,-0.38650383593191895,-0.15176895828746606,-0.4429440359519514,-0.6963123985663746,-0.4654723723327643,0.12768031695613713,-0.5370758536883,-0.15085393899143207
522.2,5.357076836788639,4.771877114906747,5.06916555487644,5.759625708531771,5.839391835762838,5.985491798626477,5.5103544821159876,5.177917379944968,5.361409467334961,5.967247154772819,5.912509268465819,5.815118936699691
522.3,,,-3.0866962258864796,-3.9228264458175297,-1.5645202332012493,-1.513758164045313,-2.0376692538503,,-0.5882570431946808,-0.179918080922143,0.5995921422737887,-1.0445121248686169
523.2,4.059627435169636,3.5332177211029956,3.6883728465431216,3.9763427214771023,4.067709537937244,4.231116100651004,4.15392914709129,3.9917845237342435,3.927662964934549,4.232317403458236,4.102824112256762,4.061185814125179
523.2,3.583363958917173,3.070072535027137,3.29036529723124,3.550072923092535,3.6034334840539426,3.8848204582604695,3.740121578917274,3.4449576975720797,3.598883965399816,3.7607397450076268,3.6639808436327,3.392976198737011
524.2,6.335739490073475,5.529305393157904,5.945837572399121,5.965966058118556,6.330122439338786,5.8358823213965865,6.023022901630302,6.080915012675652,3.031730016001302,6.380247437991338,6.354744192123654,6.111490111948201
525.2,4.581428169897292,3.767568408823786,4.194681673321691,4.212993369322422,4.584348600285701,4.110025759662616,4.269559171067737,4.3277898825301,4.310507496614133,4.647235351193406,4.5941370723403185,4.346885227297629
526.1,5.6090763994759865,5.113755625526921,5.220965251082696,5.224602693636983,5.300339208345126,5.17300080025012,5.997269880991418,5.864161659780706,5.501910254850585,5.469146309306815,5.400613874367805,5.054722367594913
526.2,2.4088069642629177,1.5203164198956158,2.0296787275318384,1.9486999903359234,2.250372972792884,1.8364358260271065,2.1118015827000036,0.9398024506109325,1.1158500830785638,0.4888181741317677,1.030642259790959,2.0494053938378403
527.1,3.8741626459395593,3.350399810678298,3.481676694813426,3.517123348711458,3.5898513409553523,3.42435955129078,4.21422530457853,4.126811964516774,3.7758697399470416,3.761956064411839,3.705155523761454,3.3357653551722204
527.3,-1.858942991080374,1.8490708476245876,0.04715891674318601,0.10771526240442875,-0.6583001769753011,-1.1357230741792037,-1.621037468907749,1.1061704132649062,0.27179242158335715,0.12402774374899028,0.0010718972309149422,-0.38475642644525665
528.1,2.613463873068292,1.8934331702893574,1.831717975555334,1.4663322099392286,1.3427084001563276,1.461355840370136,2.9529324218354978,2.782334424941391,1.9197331642361424,1.8667822213574443,1.700762387579706,1.114186868774529
529.1,0.9035851689464953,0.20926157790434258,0.132165847926087,-0.20061901691920858,-0.3397186720840938,-0.2845651027684777,1.2131938439243863,1.09818541725188,0.26714278669634745,0.31719795759938463,-0.0925568206289703,-0.5279207330221646
530.2,5.7929859860417725,5.101206363126495,5.193712536732859,5.0084301626181,5.120615363548461,5.3032569187251575,6.046809711634358,5.863697146188483,5.400388530145143,5.329558846929107,5.287313355269481,4.959070583296254
531.2,4.104535492225859,3.4287396762481928,3.4802384992398703,3.3024578950142476,3.404485951022434,3.6092667152310387,4.324685146004619,4.148110354098929,3.694071566042644,3.5987963822210376,3.5525333124825993,3.272439258716039
532.2,3.188806149334719,2.4322678972970833,2.6943332552741452,2.019556656049159,1.6903053339052956,1.4799369515250689,3.9524315438404733,3.6823158143279526,2.711109783046405,2.159181591463353,1.959584970544263,1.1996635238773066
532.2,1.9759189517425204,1.2214323539240424,1.2123272989680947,1.090667835753133,1.119770190706312,1.3112881271609718,2.123727222222916,1.8813115823565472,1.4494081792383882,1.3314063454806568,1.3071901283374014,1.0112411733602698
532.3,-3.0545055545753543,0.9439519664558877,-5.1653255483182114,-3.4161113127772613,-0.7479310513446059,-3.7179742493649823,-2.2114255298065255,-0.9939845455893892,-2.87240001904558,-4.011513523920762,-2.4805000222255176,0.4602466944814796
533.2,1.4978768370045425,0.7710439802892921,1.011582682156206,0.487187258270356,0.058499512711565615,0.015855217078480033,2.2572623407077277,2.003872130585787,0.9807772555186168,0.8178726242266956,0.33885506124216175,0.21618937838418162
533.3,-5.304752561241408,-3.143594628334216,-0.8962028608135528,-2.138284501869146,-0.8119343777027755,-0.20265710433630824,-6.460550920561083,-6.041598440124319,-5.893391584496415,-6.981418456774422,,-4.893474331519017
534.2,2.7717402167713536,2.0023630686104292,2.162915323839787,1.4070108134513917,1.3254959178590657,1.4044094204689084,2.7296701204305878,2.8584320634067453,2.0528114081716673,1.7812187441419043,1.6157192904452555,1.0580992913343996
534.3,-0.7205966925074749,1.61286201832651,1.334312239190996,1.653960660330445,2.099777682098995,2.320031466138364,-1.4113812017356455,1.5280873916841116,1.7819904067208692,1.94162051637497,2.227234022106474,2.360770236532813
535.2,1.2093241218020119,0.34331045991834114,0.5192667061314888,-0.12113764345244304,-0.3416499140080934,-0.1460766634030738,1.1077467420257916,1.2131404687757086,0.3770331143184243,0.1759792898100574,0.005754524915030035,-1.2947923210717982
535.3,-2.2876134183035646,0.13757862400016152,0.06142794486681513,0.10485120918710944,0.40020392261231846,0.9243181479576437,-2.1246609528225586,-0.1074343558614318,0.46059042057398236,0.46608274568776237,0.9403067497967916,0.9786067714635558
535.4,0.20220819758809783,0.6835421758518141,-3.011586208808683,-0.8750688914832822,-3.0580439258772514,-3.252505028900856,0.458395651970464,-0.7062633648766135,-1.6606105893233327,-2.43122067857914,-1.5032823052287843,-1.2568443696247131
536.0,-6.880652281898003,-6.686451641542086,0.21326813754103013,-0.4907036897063398,-0.9336387499716413,-4.0611464193437,-7.7412795896595625,-5.0346027157673365,-3.7455411135020746,0.6130010764811016,-1.3558536612056684,-4.01933304504044
536.2,4.344106341512232,3.6752499704108432,3.6540282917481632,2.691199641873974,3.128961101947846,3.221711341479463,3.8423073132553345,4.870206913928308,3.481564204080283,3.285580749316915,3.374741736526283,2.8666929651309268
536.2,,-2.510729496902095,,1.2665498780207227,1.7128593837197452,1.506511036984826,,,-2.3667644804035284,1.8894430486496812,2.00389147940831,
537.1,-6.17395562603622,-6.7138460992502695,-0.732361185612985,-1.4275978793987134,-1.957320667703987,-4.83605456696382,-6.253812898604126,-4.892391892691255,-4.01369679005178,-0.15943275180651162,-2.4723259965170072,-4.0638754471963745
537.2,-1.0400477533374564,-1.3314300079429016,-0.42083196492826225,-0.5547758009550131,-0.033640795972491144,-0.33583518383891653,-1.2211296501703353,-0.4466919251260113,-0.6669287485796342,0.19535867540858554,0.28504779964435323,-1.0095463633432153
537.2,2.6617482194167597,2.0482075555435255,1.9161933180905784,0.9976264195515481,1.4136319983472254,1.51804596085333,2.147217749115586,3.1737962923172267,1.7566728943039032,1.580704047764904,1.703726989395814,1.2566480262213942
538.2,-3.6769153155663123,-1.7022525359733776,-0.7550863278001096,-1.2898393446992085,-3.273805235864324,,-4.381296201105219,-4.186321910134413,-0.39644511905457835,0.016828162593155893,,
538.1,-1.8937550034427573,-1.0872391141306308,-0.7682605589772487,-1.5435455866347332,,,-0.769121764304902,-4.721006835439334,-5.82846958775748,-0.5989111020306057,-4.214860060672888,
538.2,0.46676130242477626,-0.7418448804657507,-0.7442120925364817,-1.2200626571984756,-1.1688431290680859,-0.8933127955832868,-0.03289695444371421,0.884532397120081,-1.2365554915357388,-1.236520583464873,-1.30230947659679,-1.3231637522807622
538.3,-1.2375106275834993,-1.2339566261491042,-0.9246660685100077,-4.640664048931295,-2.986159654915683,-2.5599474725639766,-0.9992002404068374,-0.9657710859731077,-1.88850718934873,-2.6411670372252947,-3.165441965039454,-1.869106830809983
541.0,,0.18092419757356232,,-5.625394277341862,,-6.170695693602919,-1.4224400813178661,-1.2910606904592135,,,-1.6185641164711815,-4.409218063750896
544.2,3.1054834466076415,2.4355961265999158,2.7493537430089976,3.039748718861805,3.0842597846772204,3.3151232489976614,3.250448314256104,3.0889675028896253,2.992827268068348,3.185722497872529,2.8461237494488865,2.9554838406307833
544.1,-1.8482190118649502,-5.120706802781811,-1.5310355923915053,-3.191423808947388,-2.1534028089418893,,-0.3683567981669542,-2.2132267889925092,-1.9786606042849126,-2.337710564014449,-2.8117831716941613,
545.2,1.4689309686337588,0.8436522151193604,1.1514991069409501,1.3918021485945218,1.3969071331987601,1.6439862189442478,1.6196380371400791,1.4960934356986075,1.345811931714542,1.5477132385523678,1.2971600804740953,1.3070067125187186
546.2,1.4391884838944182,0.4513818432460571,0.5663828561530201,0.5967372303779107,-2.0002704745141315,-2.4419505914112434,1.5107543099732155,1.137257745796041,0.7790743437290485,0.8329537914006301,-1.7911246507054905,-2.372455770922387
546.2,0.6331968193476891,0.4974596063795315,0.6993234552124676,1.0031420104696627,-2.0275169124544834,-3.0625001828540976,-2.7308550114478867,1.4728137863629056,0.18658951857272493,1.2331472086830608,-1.7057466905247234,-2.5195783288057747
546.3,0.34636912738431913,1.1506134793020817,-0.6660017720367906,-0.2685896004551881,0.1212435339711102,1.141719117082825,3.6144539647753695,-1.1829396321695944,1.5694528305642985,1.1692433769204693,1.3929344356480322,3.5507964559741674
547.2,-1.048559631014274,-0.34849527742888897,-1.4768582810553543,-1.7700456394413053,-1.3483906006793434,-0.4502757575186277,2.010889334657518,-1.8711442491503962,-0.030465822942222998,-0.4270775135519487,-0.15675767497844617,1.9633514077102054
548.1,1.0184398761431028,0.558651053400596,0.8322525443790421,1.1138853748093824,1.1680017233666498,1.1047486966939273,1.0073260854046597,0.7423651278311822,0.9942692465332882,1.2638809574174161,0.8507959265651571,0.9126433213894035
549.1,-1.11284598720542,-1.5857329950870607,-0.9104228044335068,-1.3657955656032854,-0.71817024820881,-1.2283472668232247,-1.0397771318048767,-1.3745868589423684,-1.1517907279383146,-1.232339686911585,-1.4966881814277955,-1.1530774941117903
549.4,-0.7934183106079096,2.0099415887411816,-0.9032638155833927,-0.13314741996777557,-3.0173364346740708,-2.7735541227178175,-0.37504401066759696,1.254245896960534,-0.11031861652955988,-0.968466830776366,-0.07161118483366768,-2.3818360869783524
549.3,0.6847265287283585,-0.5539107731987172,-0.5303139970854638,-1.8975080375931594,-1.2840742649458536,-0.574070303812522,1.5303185022452712,0.11872517874112598,-0.6944483362937217,-3.061031849112782,-2.580209393980276,-0.69281886010323
550.2,4.128610764581824,3.753642590721003,3.716807034878535,3.0145838650990027,1.1879633694201461,3.6426972409860285,3.3616184453119247,4.2189431326170945,4.02291577865053,3.759440634358159,3.7118948973857746,2.0458262125813764
551.2,2.5373448103583076,2.1242953143645584,2.0928129053385454,1.9672778098001982,-0.8342244916080407,2.061332494956059,1.6875790259707693,2.601128232771993,2.391793778460654,2.1491098040749,2.113608994152056,0.7066038123613113
552.1,-0.004240979498330466,-1.0939679188185303,-0.5603896168191247,-0.996253483396495,-0.16948987523726866,0.47603633989232386,-0.49389275051110393,-2.091971736089934,0.5141071469181648,-2.5778504891587035,-1.628970857210607,-0.5746449150049903
552.2,-4.071214248537366,-4.385180098067947,1.3939047417954784,1.9913935272055268,2.378853961937952,0.23919856490000313,-3.726497490406438,-5.519449011379124,1.8166654016301127,2.4785233446287567,1.6794319209460271,1.73638984077273
552.3,0.40616617933298665,2.6772982596610575,-1.211983502300515,-1.3569845263427216,-0.974788686952934,-1.4146996159373262,0.7975782401772893,0.21547787221904247,-0.5391559809523401,-0.8857535410185284,0.40798314539713604,0.5366532865148629
554.1,,-2.0542609573876467,0.14213788015954515,0.3943888091334195,0.27317921254551586,-0.23624520040241337,-3.261073847406371,-0.13108664089137745,-3.6884228044710063,0.7166946592919243,0.5612125615095482,-0.6778232301919654
554.2,-0.02389748524361779,-1.447142541066009,-0.7424495064787728,-0.6398340444390723,-1.1639400660721293,-0.8480349184126085,0.27156198591993785,-0.6690290317542054,-0.6163826632162994,-0.5023332608103248,-0.9486488575507102,-1.2021038638480395
555.1,-4.5685882311322175,-3.475322399161418,-1.1130150062752433,-2.1158207209026636,-2.2468727043364973,-1.6412658520819194,-5.91883208012214,-0.8255389146739238,-4.850317329957978,-1.8434534228959514,-0.7616639983419344,-3.2992866710099307
556.2,-0.1860085943721198,-1.1945111807817088,-1.4619510322231148,-2.017238428752969,-2.590088942367964,-3.454427209018815,0.10718918500451036,-0.09391490339887931,-1.3488235929438466,-2.0760947611274254,-2.4095113588697092,-3.0257505987856836
556.3,-0.33299603307434467,2.165969564187959,-0.8639664932071518,0.9266309688734016,-2.2429825160555734,-0.45508486464882136,-0.45854424929098414,0.45869301406689633,-1.4351516076361135,-1.9055144870285763,-0.06093007643142845,-0.6072357769841789
557.3,-0.9172858170222651,0.5362979823170329,-3.1531950315695583,-0.6016163447117141,-3.9760550001719555,-1.9576620402696396,-1.7219432886311918,-1.1625566536922378,-6.407852669951766,-3.419179971791228,-2.6838196175326017,-2.8064483698852256
557.4,-1.1902146031822842,1.1699264109403145,-1.7791837746308974,-0.37770963767136967,-3.8047351451521925,-2.0792789496375153,-1.2442823865600356,-0.2542215546334601,-1.5257178104196567,-1.808683146080563,-1.4715803531743237,-1.1062522032235913
558.2,0.3519084534379129,-0.4725205225115108,-0.37594855673100047,-0.3215331970726345,-0.36249278534410057,-0.2873993758061545,0.49951375775529555,0.18603063950274135,0.012595834317700505,-0.09684595941281104,-0.3646446422990588,-0.5057766188380998
558.2,-2.2270864747498025,-2.5838571172614015,-0.39703675423567864,-0.43563630216654603,-0.08029773270157892,-0.5392200490676592,-2.457189132007642,-0.6907350793531941,-1.374350556923669,0.15091865895448475,0.30999135160891544,-0.7475449457319191
559.2,-4.050224761629579,-3.933531466850585,-1.9591013004467768,-1.7769773170401932,-1.6548669120595627,-2.2785861650463337,-3.5810869920649435,-2.1143964734818033,-2.851795323227247,-1.4072934971708313,-1.3228833655809222,-2.553827617496619
559.2,-1.2906039723463807,-2.0679396991270194,-2.303819838871113,-2.29013135053612,-1.9955760673003784,-2.043526198015053,-1.2198761933711588,-1.3130756293422727,-1.4662897134185562,-1.9998644201600193,-2.0285847437672357,-2.5298682650640707
560.2,-0.14689663027221656,-0.9040452311911187,-1.2245350637383399,-1.92843197998195,-2.2804156873995387,-2.453904558169656,-1.567831233479939,-0.13526431652576165,-1.1932558635491808,-1.541152748061187,-1.905759011081032,-2.7608160775180224
561.2,-1.74200060078436,-2.8448468694896443,-2.592018217013431,,-4.679334068232569,-6.868194073374011,-4.457585978725959,-1.5341319252493772,-5.773966315389672,-6.49285590655434,-5.705121122283312,-5.893088938360138
562.2,-1.195366870048839,-4.075927515040865,-3.9970946927617024,-3.0217757627876796,-0.9339130638431182,-0.7017993146494687,-1.3163501202633814,-2.167574607281983,-3.90616701653974,-2.174614085937653,-1.9037759557362277,-0.890729081641156
563.0,-3.413014554924549,0.026233582386903487,-2.8075023950842612,-2.517934463450024,-5.388578913081722,-7.5676808499003405,-1.7085438830215236,-1.326269414872878,-2.0601983262648202,-4.081307370800143,-1.6699701982455937,-2.4388783217452437
564.2,0.4032800322088884,0.016606784515059425,-0.038412042787672296,0.06546437347323397,0.48308518179214843,0.41181914012147,0.5639874829276426,0.5615346782253974,0.6644527658473175,0.9611800726544274,0.542916245484161,0.5433164940613042
564.4,-1.24846070011741,-1.2583904458459902,-0.8675127213073679,-2.838801368302562,-2.4116135570181507,-1.665854137599068,-1.2488245365839754,-1.3630877025279797,-0.7335539838735246,-2.1271880698954715,-2.589643871366893,-1.4353185204051875
564.3,-1.8977099684345466,-1.2769943455335262,-0.08862699468070401,-0.9372770111941081,-0.7806294900727498,-0.6634227446499587,-0.4997176275079591,0.7352336877137173,-0.2655011557382645,-0.3777901703037918,-0.6121510087521236,-1.0086147522835476
565.2,-1.0596298241942255,-2.1575832326157167,-1.5123682573703587,-1.2806245279596737,-1.525254325144946,-2.314522003529688,-0.990445046755112,-0.9275156796770874,-0.641593330182749,-0.5284465221562971,-2.355956954435311,-1.6848773267177624
566.2,0.9462572840599137,-1.5376728464095433,-0.3288545747344247,0.42546893726678925,1.6932842052288661,1.609102698959823,1.2162959338538075,0.8701745313778917,0.03831759377424948,1.1677370136537704,1.328019093865115,1.2431460042542049
567.2,-0.4782081503768456,-2.8913255947268137,-2.188139444212563,-1.5211000667404195,0.0396566194950565,-0.131203686006775,-0.6727507951590557,-0.7618381512925201,-1.8993264912446939,-0.3801534939714488,-0.44538539224001483,-0.8893373459650792
568.2,3.2293760171202144,2.6937480947509798,3.1084136485482423,3.4350296097155613,3.237199380684978,3.2934187654910967,3.763890089061157,3.760785423624318,3.493313056920604,3.264931510517681,2.7844117769339887,2.9636790387878524
568.3,-0.19497437637892867,1.8019747101238655,-1.19487815905517,-1.323422711903116,-0.6844003744017276,-1.2010197016850022,-0.9754834510657464,-0.6320907799430513,-0.5550861329902439,-1.325179616490321,0.243151877568332,1.0431318108911847
569.2,1.651442786479549,1.1614738255016177,1.5791167716769472,1.8707339122232653,1.7270341779951814,1.6810912377312186,2.1966655659135275,2.174446659276292,1.9610181861910243,1.766374427553624,1.2385554726647081,1.398345508831988
569.3,-1.4662324846572146,0.23148476741892007,-2.3434999703837525,-2.9043836873829685,-2.0850442383755046,-2.5538180026880895,-2.6193088423925865,-2.285553036228917,-1.8392928638321744,-2.1463607529537314,-1.0850272033542852,-0.4778023129109873
569.8,,0.2883391602895482,0.5877358075055369,-0.9161921372768659,,-7.333452862641777,,,-1.5992389833484457,,-7.881535085090219,
570.2,-0.8630380264174593,-1.1698878521181728,-0.22619760453001336,1.2918225304138002,0.827842400825253,-0.6389120257420061,0.09622145785042624,-0.06549821024387792,0.24720894671553356,0.28085350478419446,0.016710102996903897,-1.2671240740647813
570.1,1.5654207156339246,1.0828248325924683,-1.734892518664147,-4.701153548475965,-5.896516648904628,,2.1836328521615624,2.432647895232277,1.5225422367713866,-4.080975007824893,-5.23280058353597,-7.582996809508186
570.4,-0.9808862553167899,,-4.781065631623866,-4.949707576604928,-1.3692629218399057,-2.483404172164842,-2.0157762253278326,-3.977544452501193,-3.3617142602409285,-3.237152627107782,-1.322647302417,1.789930193079798
571.1,-0.010229269493299609,-0.545525423831715,-0.6784250492754238,-8.952301772489273,-8.190464630655969,-5.8571322052816255,0.5704653614791477,0.798287981700619,-0.03917775699938841,-6.52458490456563,-5.360224828367583,-4.594372043281665
571.4,-1.1205603542299951,2.086127094442497,-0.6481794825105893,-0.1902485373156826,-2.827881764903218,-1.4655724434654696,-1.9649402777316145,1.0975229365919523,-0.14163228691417618,-0.5182418701278266,-0.04654086604600616,-1.6427985536817582
572.2,-0.8205543916585394,0.9459002667698633,-1.1465434491608808,-7.262410655016316,-1.7838421241874172,-1.3577636292014361,,1.7766633603763107,,-4.265164377489976,-6.010905150709634,-0.7751804818854559
572.2,-0.21128196557308654,-0.6973812038513014,-0.16523791310187008,-0.11117170811019328,0.05669608284600558,0.4553343965447827,-0.08562769429597439,0.12756575688585048,0.01093727293010982,0.3386286113063511,0.180064312055219,0.1067837416889692
572.8,,-1.5231487808957065,-1.2680926161783639,-0.31802326018100335,,,,,-8.79595545112674,,,
573.2,-1.7699263360246444,-2.594068422569414,-1.9732495768127989,-1.711417050969576,-1.3243442850804188,-1.0723701498016807,-1.6478999622763921,-1.408655300398726,-1.4680893911820692,-1.5417431290886796,-1.2589045394409422,-1.3366309747890988
575.4,-0.09048627114175178,-0.51359514093783,-1.7200860819502641,-3.861297628585923,-2.929834533234435,-2.596176141284176,0.7059145949878778,0.049525280960642126,-1.4062501646000756,-3.0605713011467337,-3.7809758156528774,-2.6783848478578385
576.3,-0.2550739506216366,-0.4617313821438339,-3.2937904912297546,-2.4559070752798555,-1.977215073049734,-2.40633084896001,0.8488102337081097,-1.4098341877787932,-1.6006472129279692,-1.3417886015858596,0.5491594480997495,0.16043358423149356
576.4,-4.050382983311753,0.28096799906594244,-3.02572473775306,-3.0875795603724945,-2.3039767953424533,-2.6369321273497657,-4.458579990092973,-1.782968002464403,-4.222496597945832,-4.7749228983199785,-2.9869926795450192,-5.833214801643844
578.3,-4.894844533576688,1.9934141845694693,0.2740380768905984,-1.1885827065192096,-3.498783894732779,0.10070650856152386,,-3.1312446744057993,0.8913408070111892,-4.166012287893613,-2.622352539286939,-2.334566655985405
578.3,2.440458919830705,0.8870327937621392,0.506803151808307,-0.28701640692654884,-0.7402363426541,-2.439399439372414,2.5755869094030936,1.3741969063877226,0.6711401044960446,0.6909566289526242,-0.6214759549004758,-1.160482645122622
579.1,2.09666649395694,0.7059812952666426,1.6262189870070065,0.43873421673239976,1.8599503147486383,1.5475043662798815,2.425972641885151,1.202336035898448,1.077177622964293,0.8587725047576676,1.3986148970186048,1.404343621877306
579.4,-0.9715303597062805,1.5884833533680809,-1.142170323270477,0.2493888853069796,-1.873021469675419,-3.0672381551717964,-0.8877008983317165,-0.12174627885057743,-0.818671477625506,-1.3707779275366043,-0.6974215344377821,-0.11014567567029532
580.1,0.5525439130089584,-0.6825274181061705,0.18072281413294733,-2.3692180880114666,0.39465128271618627,0.11846836345463119,0.9639119602085314,-0.24162494142477287,-0.4215449054613385,-2.5868252268086414,-0.5445535141081648,-0.029572802661495978
580.2,0.0015034552569350712,-1.6281235579973379,-0.9653079899445807,-0.45408601440977236,1.238126310161824,0.2392446285769776,0.8060055491032213,0.0985473121230852,-0.1483662844755428,0.8816020655290363,1.1139537808877877,1.0078286381674602
580.2,0.17156020120468773,-1.991848911488877,-1.2191681253968496,-0.3217162657994759,1.0128500598679528,0.8319117043959607,0.5205493590762558,0.14657761923216928,-1.3498016260209866,0.6111067010002528,0.6879379726389068,0.5837174460735715
584.2,-1.0410480582930899,-1.9919672433222189,-4.0861762630997,-4.2788755239596865,-3.389281248372008,-4.949871536966883,-1.1964142620132803,-1.8394145642760449,-0.9189761655729409,-3.4441277625412376,-3.944246055345139,-0.3117448370797772
584.4,-4.171029343506474,-0.9018692823075427,-3.539169610962183,-2.6090450449921776,,-6.762981157594806,-2.4959514215340026,-3.619204109940913,-3.3175797931860487,-4.6512092196656525,-5.649098055969591,
585.0,-6.519901198912125,-0.314069255593487,-4.1756957827485515,-2.1310009202151936,-6.835408193781322,-6.617547761750022,-5.69893219475501,-1.6961762966666514,-1.926334730049341,-5.9780451831892005,-2.383686292246339,
590.2,-2.401454756440754,-0.901683817703991,-1.0191800140271348,-0.5724005828132445,-3.1786066344138226,-0.4115797372951445,-2.4825276446634916,-0.5377039881204599,-0.7707737598356512,-0.8333080159605792,-3.457387644767466,-2.555575551865919
590.3,0.3062088543196786,1.4726194855761383,-0.09506447101845306,-0.4859578205945717,0.09329905588283804,1.21940076615734,3.8019143060063914,-0.49621282876372685,1.727091237803172,1.1690028468675018,1.6184356150170915,3.7479014605141447
591.3,-1.0944142131988424,0.0015479158857416575,-1.5808716026666287,-2.029175973601827,-1.3253301791552219,-0.32693370181941905,2.2696021272206752,-1.957602769145992,0.27097913907698895,-0.31879679461714217,0.08313940025236954,2.268813694990709
592.1,-1.1112687006592163,-1.7895507026920232,-2.0363912703694633,-4.894553007252981,-5.818809280476225,-5.6698145670208016,-0.5534439525045587,-0.7972867037143396,-1.3410998301103516,-5.626534366473999,-7.897897381411312,-5.242167279461867
592.2,,-5.1578037000819785,,-5.340934826055484,-0.18500725212510816,-0.269645721083555,,-0.4355285987616626,,-2.775019446760055,,-0.721284244721644
592.4,-0.7158428091130773,,-4.026270097353056,,-1.3263214837095814,-1.8889625098919733,-2.1583011262475296,-4.816993708203681,-2.287848588587395,-2.985558054714198,-0.6195835907570266,1.9665521201794367
593.0,-2.262728024692109,-0.8796237649555974,-3.3725940132746213,-3.0744360495622867,-2.571001772189781,-2.2661190678843415,-2.93768271137666,-2.807893505738111,-4.535025561645475,-3.814726072919455,-3.0276640169829063,
593.4,-0.7437998471233354,2.2263708980392996,-0.9604385886832851,0.5223042190977859,-1.7570194311058724,-1.0641651798452498,-2.581256213818845,1.0349296222847186,-0.025083139229908902,-0.6846152998676669,0.03310309343700568,0.331103078364511
594.2,-1.5075810208201994,-3.928324442716108,-1.8867753399920884,-1.3545017208391434,-0.34605475602204183,-1.540847946189857,-0.6806680955354711,-1.5110116417497037,-1.0241323324038183,-0.18777100955280157,-0.5740880412391662,-0.013177582097721241
594.3,0.6175399002631669,-0.1047203413549469,-1.336446636871982,-2.980069580091346,1.36665824854088,0.046312669732531675,-0.9036904213802663,-2.3781142608987738,-0.7606610370848814,-1.9971779415733333,1.1966205543129327,3.3018840392106936
595.3,-0.6773748608949233,-0.6207626381362126,-2.679042649551746,-3.255829108186595,0.050732105242936254,-1.2623648662604876,-2.2363822126507955,-3.5108017801928515,-1.844832265231475,-3.178983332154657,0.03674827019648219,1.9630486058842593
595.2,-1.070085758094958,-0.9852104646163964,-3.6744316263496324,-7.235340332896499,-2.3220879249009014,-2.1329582410782204,1.391157869399811,-3.0799313010887115,-0.7766506663671335,-2.0983888634203693,-1.4769686455997155,0.22112947323074478
596.0,-3.694124480704201,-0.4529817792401005,-2.656196997062326,-2.272179833168899,,-7.543055397593149,,-1.9186226774908144,-2.8245160147870765,,-2.2462858593510537,
596.3,-0.9381873121737045,3.0999907037547354,-0.6018179428061954,-0.8724869829831196,-0.6380850172991807,-0.7989750755145769,-3.56174441033265,0.7040501939791143,-0.19477050419949837,-0.7999987893344418,0.9206326395552002,0.9365756507635655
597.3,-2.4779188204589615,1.6768120548731074,-1.9931009722073205,-2.162521721878958,-1.9812959102946208,-2.171318508901672,-3.5461624392140974,-0.7230641713911754,-1.4275716405064462,-2.053278828696746,-0.47268950631200846,-0.3683022721135739
598.4,-2.5859442775116546,0.18118704211910974,-3.003845582337243,-2.756510599507947,-3.3042959349108685,-4.040246247960287,-2.272718282972492,-2.0242478122096337,-2.870201284382567,-2.9049001305465225,-2.1790052739799988,-3.4751178453126315
599.3,0.8578683461014421,-3.4052317791491067,-0.501914554679334,-4.252692981405669,-4.996031746332503,-3.693024142033384,1.5873130573275815,1.3251005421140292,-1.6129768590300244,-4.13598169487849,-4.041525404301245,-2.380054947491811
